url,repo_name,watchers,stars,forks,commits,branches,releases,contributors,,
https://github.com/2dxgujun/AndroidTagGroup,AndroidTagGroup,65,2026,462,72,1,5,,,
https://github.com/500px/500px-android-blur,500px-android-blur,122,2193,306,23,1,0,3,,
https://github.com/81813780/AVLoadingIndicatorView,AVLoadingIndicatorView,219,6871,1401,96,3,5,7,,
https://github.com/aa112901/remusic,remusic,176,3962,1296,129,1,0,2,,
https://github.com/AbrahamCaiJin/CommonUtilLibrary,CommonUtilLibrary,65,1761,488,86,1,0,,,
https://github.com/ACRA/acra,acra,317,4157,964,1,223,1,34,,
https://github.com/Activiti/Activiti,Activiti,495,3102,2396,7,739,31,52,,
https://github.com/actorapp/actor-platform,actor-platform,282,3212,744,8,308,25,98,,
https://github.com/addthis/stream-lib,stream-lib,222,1757,463,375,15,22,33,,
https://github.com/afollestad/aesthetic,aesthetic,49,1523,160,139,2,18,5,,
https://github.com/afollestad/material-camera,material-camera,114,2568,502,269,2,23,,,
https://github.com/afollestad/material-dialogs,material-dialogs,546,12455,2297,1,553,1,96,,
https://github.com/AigeStudio/DatePicker,DatePicker,72,1638,408,71,2,0,2,,
https://github.com/AigeStudio/WheelPicker,WheelPicker,65,1824,392,153,2,1,,,
https://github.com/airbnb/AirMapView,AirMapView,175,1530,178,240,3,4,,,
https://github.com/airbnb/airpal,airpal,239,2234,386,446,22,0,26,,
https://github.com/airbnb/DeepLinkDispatch,DeepLinkDispatch,120,2733,267,247,1,6,29,,
https://github.com/airbnb/epoxy,epoxy,126,3496,267,244,5,21,,,
https://github.com/airbnb/lottie-android,lottie-android,683,18748,2807,828,2,28,40,,
https://github.com/airbnb/native-navigation,native-navigation,143,2756,148,140,2,3,21,,
https://github.com/alamkanak/Android-Week-View,Android-Week-View,147,2778,921,212,3,4,11,,
https://github.com/alexvasilkov/FoldableLayout,FoldableLayout,88,1542,349,58,1,0,3,,
https://github.com/alexvasilkov/GestureViews,GestureViews,49,1559,272,341,2,6,2,,
https://github.com/alibaba/ARouter,ARouter,190,4541,741,147,2,14,4,,
https://github.com/alibaba/atlas,atlas,389,5730,1083,760,35,47,15,,
https://github.com/alibaba/canal,canal,678,4058,1744,247,3,10,27,,
https://github.com/alibaba/cobar,cobar,419,2084,1064,63,2,1,13,,
https://github.com/alibaba/dexposed,dexposed,392,3756,1011,77,2,1,5,,
https://github.com/alibaba/druid,druid,1448,9942,4206,5,677,7,58,,
https://github.com/alibaba/dubbo,dubbo,2736,16223,12023,2,134,2,49,,
https://github.com/alibaba/fastjson,fastjson,1161,12525,3947,2,681,13,102,,
https://github.com/alibaba/freeline,freeline,223,4362,550,410,3,24,17,,
https://github.com/alibaba/jstorm,jstorm,676,3354,1750,332,8,23,25,,
https://github.com/alibaba/otter,otter,446,2771,1198,64,2,7,7,,
https://github.com/alibaba/UltraViewPager,UltraViewPager,93,3264,466,76,4,6,7,,
https://github.com/alibaba/vlayout,vlayout,269,7290,1300,293,8,19,11,,
https://github.com/Alluxio/alluxio,alluxio,421,3334,1742,28,400,22,33,,
https://github.com/AltBeacon/android-beacon-library,android-beacon-library,172,1816,626,849,15,91,42,,
https://github.com/amirzaidi/Launcher3,Launcher3,307,2344,316,17,645,7,308,,
https://github.com/amitshekhariitbhu/Android-Debug-Database,Android-Debug-Database,135,3656,385,264,2,8,11,,
https://github.com/amitshekhariitbhu/awesome-android-complete-reference,awesome-android-complete-reference,147,1675,352,150,2,0,5,,
https://github.com/amitshekhariitbhu/Fast-Android-Networking,Fast-Android-Networking,172,2903,475,528,3,7,9,,
https://github.com/amitshekhariitbhu/RxJava2-Android-Samples,RxJava2-Android-Samples,141,2934,588,146,3,0,11,,
https://github.com/amlcurran/ShowcaseView,ShowcaseView,239,5161,1280,496,10,14,34,,
https://github.com/amulyakhare/TextDrawable,TextDrawable,104,2626,504,11,1,0,1,,
https://github.com/AnderWeb/discreteSeekBar,discreteSeekBar,81,1916,394,43,1,1,6,,
https://github.com/andkulikov/Transitions-Everywhere,Transitions-Everywhere,110,3617,401,276,1,24,,,
https://github.com/andremion/Music-Player,Music-Player,109,2812,566,53,1,1,,,
https://github.com/android-cjj/Android-MaterialRefreshLayout,Android-MaterialRefreshLayout,89,1970,494,90,1,0,3,,
https://github.com/android-cjj/BeautifulRefreshLayout,BeautifulRefreshLayout,124,2056,438,79,4,0,2,,
https://github.com/android-cjj/JJSearchViewAnim,JJSearchViewAnim,65,2123,301,64,1,0,1,,
https://github.com/android10/Android-CleanArchitecture,Android-CleanArchitecture,783,10928,2673,242,2,6,9,,
https://github.com/androidannotations/androidannotations,androidannotations,713,10062,2465,2,774,3,28,,
https://github.com/AndroidBootstrap/android-bootstrap,android-bootstrap,476,4303,1300,230,4,1,17,,
https://github.com/androidquery/androidquery,androidquery,217,2032,601,692,2,21,6,,
https://github.com/AntennaPod/AntennaPod,AntennaPod,155,1815,593,4,165,8,80,,
https://github.com/antlr/antlr4,antlr4,264,3560,1024,6,858,4,37,,
https://github.com/antoniolg/androidmvp,androidmvp,253,4934,1405,30,1,0,8,,
https://github.com/aosp-mirror/platform_frameworks_base,platform_frameworks_base,857,7231,5043,343,887,123,530,,
https://github.com/apache/beam,beam,190,1665,1003,11,337,21,50,,
https://github.com/apache/camel,camel,218,1662,2438,31,256,28,120,,
https://github.com/apache/cassandra,cassandra,502,4162,1901,23,757,9,227,,
https://github.com/apache/cordova-android,cordova-android,284,2165,1201,3,613,40,123,,
https://github.com/apache/flink,flink,406,3258,2243,12,973,83,38,,
https://github.com/apache/groovy,groovy,212,2450,928,14,647,39,165,,
https://github.com/apache/hadoop,hadoop,813,5610,3932,17,783,219,273,,
https://github.com/apache/hbase,hbase,344,1741,1414,14,850,47,581,,
https://github.com/apache/hive,hive,288,1697,1856,11,516,52,37,,
https://github.com/apache/incubator-pulsar,incubator-pulsar,181,1567,324,835,10,31,40,,
https://github.com/apache/incubator-skywalking,incubator-skywalking,356,2575,840,3,437,6,22,,
https://github.com/apache/incubator-weex,incubator-weex,415,7889,1054,10,169,4,11,,
https://github.com/apache/jmeter,jmeter,217,1583,699,15,253,30,101,,
https://github.com/apache/kafka,kafka,785,7368,4413,4,663,19,65,,
https://github.com/apache/nutch,nutch,225,1539,1017,2,528,25,48,,
https://github.com/apache/rocketmq,rocketmq,494,3602,1630,425,12,3,29,,
https://github.com/apache/storm,storm,652,4824,3483,9,73,38,30,,
https://github.com/apache/tomcat,tomcat,375,2054,1480,19,180,1,64,,
https://github.com/apache/zeppelin,zeppelin,353,3383,1744,3,625,8,10,,
https://github.com/apache/zookeeper,zookeeper,542,3940,2776,1,620,11,80,,
https://github.com/apereo/cas,cas,470,3703,1996,11,234,18,159,,
https://github.com/apl-devs/AppIntro,AppIntro,271,7382,1370,488,2,7,51,,
https://github.com/ApmeM/android-flowlayout,android-flowlayout,78,1802,378,143,1,9,16,,
https://github.com/aporter/coursera-android,coursera-android,1374,4309,5848,71,1,0,4,,
https://github.com/appsthatmatter/GraphView,GraphView,120,1875,669,376,4,9,27,,
https://github.com/aragozin/jvm-tools,jvm-tools,161,1708,261,278,6,27,,,
https://github.com/AriaLyy/Aria,Aria,57,1704,247,558,2,9,1,,
https://github.com/arimorty/floatingsearchview,floatingsearchview,86,2631,526,294,2,0,6,,
https://github.com/aritraroy/PatternLockView,PatternLockView,35,1922,285,39,2,0,2,,
https://github.com/aritraroy/UltimateAndroidReference,UltimateAndroidReference,323,5655,738,257,2,0,24,,
https://github.com/artem-zinnatullin/qualitymatters,qualitymatters,83,1653,204,281,1,0,,,
https://github.com/ArthurHub/Android-Image-Cropper,Android-Image-Cropper,126,3094,641,539,3,30,33,,
https://github.com/Ashok-Varma/BottomNavigation,BottomNavigation,101,2805,514,131,2,15,3,,
https://github.com/asLody/VirtualApp,VirtualApp,402,3443,1180,1,126,4,3,,
https://github.com/Aspsine/SwipeToLoadLayout,SwipeToLoadLayout,65,1825,439,171,2,5,,,
https://github.com/astuetz/PagerSlidingTabStrip,PagerSlidingTabStrip,412,6427,2890,31,2,2,6,,
https://github.com/AsyncHttpClient/async-http-client,async-http-client,358,4197,1215,3,835,7,249,,
https://github.com/ata4/disunity,disunity,356,1985,560,669,4,15,12,,
https://github.com/athkalia/Just-Another-Android-App,Just-Another-Android-App,56,1599,180,180,6,0,3,,
https://github.com/Athou/commafeed,commafeed,111,1512,285,2,512,2,14,,
https://github.com/Atmosphere/atmosphere,atmosphere,242,3072,685,5,814,14,170,,
https://github.com/aurelhubert/ahbottomnavigation,ahbottomnavigation,66,2720,499,236,1,9,20,,
https://github.com/auth0/java-jwt,java-jwt,190,1550,342,181,3,18,9,,
https://github.com/avast/android-butterknife-zelezny,android-butterknife-zelezny,145,3200,404,84,1,8,,,
https://github.com/avast/android-styled-dialogs,android-styled-dialogs,133,2145,487,272,4,14,19,,
https://github.com/aws/aws-sdk-java,aws-sdk-java,287,2334,1747,1,383,22,468,,
https://github.com/azkaban/azkaban,azkaban,198,1611,777,2,36,9,73,,
https://github.com/b3log/solo,solo,417,3857,1655,2,21,2,14,,
https://github.com/b3log/symphony,symphony,255,2432,799,5,347,2,14,,
https://github.com/balsikandar/Android-Studio-Plugins,Android-Studio-Plugins,95,1798,153,32,1,0,1,,
https://github.com/balysv/material-menu,material-menu,119,2391,542,118,1,20,,,
https://github.com/balysv/material-ripple,material-ripple,79,2017,445,66,1,4,5,,
https://github.com/baoyachi/StepView,StepView,93,3023,655,106,2,13,3,,
https://github.com/baoyongzhang/android-PullRefreshLayout,android-PullRefreshLayout,80,1851,521,59,2,0,2,,
https://github.com/baoyongzhang/SwipeMenuListView,SwipeMenuListView,182,3217,1305,64,4,2,6,,
https://github.com/BaronZ88/MinimalistWeather,MinimalistWeather,80,1527,405,119,1,0,1,,
https://github.com/barteksc/AndroidPdfViewer,AndroidPdfViewer,115,2947,634,78,1,28,7,,
https://github.com/bauerca/drag-sort-listview,drag-sort-listview,318,3174,1590,165,5,2,8,,
https://github.com/bazelbuild/bazel,bazel,470,8173,1252,14,526,3,32,,
https://github.com/Bearded-Hen/Android-Bootstrap,Android-Bootstrap,403,6483,1442,338,3,5,24,,
https://github.com/BelooS/ChipsLayoutManager,ChipsLayoutManager,46,2150,225,496,6,12,,,
https://github.com/ben-manes/caffeine,caffeine,254,3644,318,1,16,4,37,,
https://github.com/beworker/pinned-section-listview,pinned-section-listview,173,2547,880,88,1,6,11,,
https://github.com/bigbluebutton/bigbluebutton,bigbluebutton,281,1979,3493,20,176,19,22,,
https://github.com/Bigkoo/Android-PickerView,Android-PickerView,238,6511,1795,386,6,0,12,,
https://github.com/Bilibili/boxing,boxing,60,2307,278,95,3,2,2,,
https://github.com/Bilibili/DanmakuFlameMaster,DanmakuFlameMaster,380,6438,1679,1,121,7,69,,
https://github.com/Bilibili/MagicaSakura,MagicaSakura,96,2527,360,55,1,2,7,,
https://github.com/bingoogolapple/BGABadgeView-Android,BGABadgeView-Android,64,1933,377,73,2,16,1,,
https://github.com/bingoogolapple/BGABanner-Android,BGABanner-Android,96,2379,569,129,3,26,2,,
https://github.com/bingoogolapple/BGARefreshLayout-Android,BGARefreshLayout-Android,157,3477,953,170,2,18,2,,
https://github.com/binIoter/GuideView,GuideView,74,2275,440,28,1,0,1,,
https://github.com/bisq-network/exchange,exchange,220,2076,511,5,178,1,48,,
https://github.com/bitcoinj/bitcoinj,bitcoinj,271,1998,1316,2,936,13,27,,
https://github.com/Blankj/AndroidUtilCode,AndroidUtilCode,876,16184,5267,701,1,42,16,,
https://github.com/Blankj/awesome-java-leetcode,awesome-java-leetcode,172,3227,517,126,1,0,1,,
https://github.com/bluejamesbond/TextJustify-Android,TextJustify-Android,85,1628,363,215,2,9,14,,
https://github.com/bluelinelabs/Conductor,Conductor,128,2751,233,263,4,25,23,,
https://github.com/bluelinelabs/LoganSquare,LoganSquare,119,3073,313,142,5,18,8,,
https://github.com/bm-x/PhotoView,PhotoView,58,1712,422,88,2,0,3,,
https://github.com/bmelnychuk/AndroidTreeView,AndroidTreeView,82,1978,456,57,1,0,5,,
https://github.com/BoltsFramework/Bolts-Android,Bolts-Android,236,3427,492,192,6,10,14,,
https://github.com/bonnyfone/vectalign,vectalign,67,1950,155,73,2,2,2,,
https://github.com/brettwooldridge/HikariCP,HikariCP,493,5999,916,2,585,8,84,,
https://github.com/brianfrankcooper/YCSB,YCSB,177,1886,1213,1,174,3,46,,
https://github.com/brianway/java-learning,java-learning,214,1758,700,72,1,0,2,,
https://github.com/btraceio/btrace,btrace,218,1564,332,1,3,5,43,,
https://github.com/Bukkit/Bukkit,Bukkit,217,1850,1102,1,509,1,67,,
https://github.com/bumptech/glide,glide,981,20166,3962,2,150,4,32,,
https://github.com/byoutline/kickmaterial,kickmaterial,73,1492,257,110,2,0,5,,
https://github.com/bytedeco/javacpp,javacpp,151,2235,293,446,5,27,21,,
https://github.com/bytedeco/javacv,javacv,188,2180,714,334,4,19,40,,
https://github.com/careercup/ctci,ctci,514,3900,2139,337,2,0,36,,
https://github.com/careercup/CtCI-6th-Edition,CtCI-6th-Edition,348,3093,1564,361,2,0,18,,
https://github.com/CarGuo/GSYVideoPlayer,GSYVideoPlayer,185,4907,1159,728,4,44,3,,
https://github.com/castorflex/SmoothProgressBar,SmoothProgressBar,197,3927,1018,169,2,9,13,,
https://github.com/CellularPrivacy/Android-IMSI-Catcher-Detector,Android-IMSI-Catcher-Detector,432,3092,631,2,521,6,49,,
https://github.com/cglib/cglib,cglib,173,1798,471,818,4,26,14,,
https://github.com/ChadCSong/ShineButton,ShineButton,61,3018,422,100,1,2,2,,
https://github.com/chanjarster/weixin-java-tools,weixin-java-tools,435,1959,2653,380,2,21,12,,
https://github.com/checkstyle/checkstyle,checkstyle,169,3009,1295,7,518,1,86,,
https://github.com/chennaione/sugar,sugar,126,2487,599,483,6,6,57,,
https://github.com/chentao0707/SimplifyReader,SimplifyReader,254,4214,1645,46,3,0,6,,
https://github.com/chenupt/SpringIndicator,SpringIndicator,86,2072,536,54,1,3,2,,
https://github.com/chewiebug/GCViewer,GCViewer,239,2032,505,643,7,11,,,
https://github.com/chrisbanes/ActionBar-PullToRefresh,ActionBar-PullToRefresh,298,3301,1075,400,1,17,,,
https://github.com/chrisbanes/Android-PullToRefresh,Android-PullToRefresh,1041,8588,5152,477,2,24,20,,
https://github.com/chrisbanes/cheesesquare,cheesesquare,414,7333,1819,24,2,1,3,,
https://github.com/chrisbanes/philm,philm,158,2099,512,763,4,17,4,,
https://github.com/chrisbanes/PhotoView,PhotoView,660,12451,3251,425,1,17,29,,
https://github.com/chrisjenx/Calligraphy,Calligraphy,236,7409,938,298,5,5,34,,
https://github.com/ChrisRM/material-theme-jetbrains,material-theme-jetbrains,154,5221,324,1,297,1,121,,
https://github.com/cjlin1/libsvm,libsvm,275,2499,1143,1,15,1,31,,
https://github.com/Clans/FloatingActionButton,FloatingActionButton,161,3884,928,154,4,15,6,,
https://github.com/claritylab/lucida,lucida,426,4769,926,2,200,7,4,,
https://github.com/Cleveroad/FanLayoutManager,FanLayoutManager,42,1679,232,55,3,0,,,
https://github.com/Cleveroad/SlidingTutorial-Android,SlidingTutorial-Android,99,2231,374,95,3,0,,,
https://github.com/clojure/clojure,clojure,714,6963,1150,3,142,22,122,,
https://github.com/code-mc/material-icon-lib,material-icon-lib,60,2080,196,29,1,11,,,
https://github.com/code-troopers/android-betterpickers,android-betterpickers,133,2643,591,585,5,29,41,,
https://github.com/code4craft/webmagic,webmagic,740,6061,2949,1,15,3,23,,
https://github.com/codecentric/spring-boot-admin,spring-boot-admin,515,3723,1178,768,6,33,46,,
https://github.com/codeestX/ENViews,ENViews,48,1587,208,18,1,4,1,,
https://github.com/codeestX/GeekNews,GeekNews,125,2743,696,95,1,0,,,
https://github.com/Comcast/FreeFlow,FreeFlow,160,2449,432,322,6,2,11,,
https://github.com/commonsguy/cw-omnibus,cw-omnibus,738,4349,3529,1,20,1,54,,
https://github.com/crate/crate,crate,143,1906,244,8,57,143,303,,
https://github.com/CrawlScript/WebCollector,WebCollector,290,1717,1137,269,4,0,,,
https://github.com/crazyandcoder/citypicker,citypicker,42,1488,347,114,1,0,1,,
https://github.com/crazycodeboy/react-native-splash-screen,react-native-splash-screen,40,1530,274,78,1,6,16,,
https://github.com/crazycodeboy/TakePhoto,TakePhoto,154,4420,1006,156,5,14,6,,
https://github.com/cryptomator/cryptomator,cryptomator,137,1935,198,1,38,7,52,,
https://github.com/cSploit/android,android,287,1571,815,1,380,9,38,,
https://github.com/ctripcorp/apollo,apollo,524,3661,1403,1,625,4,9,,
https://github.com/cucumber/cucumber-jvm,cucumber-jvm,183,1640,1403,3,584,14,56,,
https://github.com/Curzibn/Luban,Luban,269,6902,1305,147,1,3,7,,
https://github.com/CyberAgent/android-gpuimage,android-gpuimage,319,4593,1502,254,2,7,20,,
https://github.com/CymChad/BaseRecyclerViewAdapterHelper,BaseRecyclerViewAdapterHelper,432,12155,2651,871,4,165,26,,
https://github.com/cymcsg/UltimateAndroid,UltimateAndroid,207,2023,740,890,4,4,5,,
https://github.com/cymcsg/UltimateRecyclerView,UltimateRecyclerView,313,6367,1417,725,6,16,10,,
https://github.com/cyrilmottier/GreenDroid,GreenDroid,284,2639,969,69,1,2,,,
https://github.com/daimajia/AndroidImageSlider,AndroidImageSlider,247,4835,1574,126,2,10,13,,
https://github.com/daimajia/AndroidSwipeLayout,AndroidSwipeLayout,448,9607,2445,175,5,20,17,,
https://github.com/daimajia/AndroidViewAnimations,AndroidViewAnimations,437,8989,2003,140,3,14,17,,
https://github.com/daimajia/AndroidViewHover,AndroidViewHover,144,2831,746,34,1,4,4,,
https://github.com/daimajia/AnimationEasingFunctions,AnimationEasingFunctions,111,2032,365,38,1,3,7,,
https://github.com/daimajia/AnimeTaste,AnimeTaste,115,1616,534,125,4,6,1,,
https://github.com/daimajia/NumberProgressBar,NumberProgressBar,225,4688,1273,61,1,4,9,,
https://github.com/danielzeller/Depth-LIB-Android-,Depth-LIB-Android-,181,4189,617,32,1,0,7,,
https://github.com/danikula/AndroidVideoCache,AndroidVideoCache,104,2106,537,87,3,21,5,,
https://github.com/daniulive/SmarterStreaming,SmarterStreaming,313,4677,1281,471,1,0,1,,
https://github.com/danylovolokh/VideoPlayerManager,VideoPlayerManager,106,2420,592,73,1,0,1,,
https://github.com/databricks/learning-spark,learning-spark,329,2176,1638,416,1,0,7,,
https://github.com/davemorrissey/subsampling-scale-image-view,subsampling-scale-image-view,155,3762,633,332,2,20,19,,
https://github.com/davideas/FlexibleAdapter,FlexibleAdapter,109,2412,390,899,4,22,,,
https://github.com/dbeaver/dbeaver,dbeaver,225,4228,382,8,489,8,57,,
https://github.com/deano2390/MaterialShowcaseView,MaterialShowcaseView,61,2024,398,84,2,9,11,,
https://github.com/deeplearning4j/deeplearning4j,deeplearning4j,783,8260,3996,9,266,101,47,,
https://github.com/detro/ghostdriver,ghostdriver,127,1781,351,680,2,9,52,,
https://github.com/Devlight/InfiniteCycleViewPager,InfiniteCycleViewPager,142,4565,680,88,1,2,3,,
https://github.com/Devlight/NavigationTabBar,NavigationTabBar,131,3729,639,83,1,13,5,,
https://github.com/Devlight/NavigationTabStrip,NavigationTabStrip,55,1685,249,26,1,4,1,,
https://github.com/dexafree/MaterialList,MaterialList,107,1603,412,171,3,11,7,,
https://github.com/didi/VirtualAPK,VirtualAPK,255,5324,817,44,3,1,,,
https://github.com/Dimezis/BlurView,BlurView,54,1867,171,197,2,13,3,,
https://github.com/dinuscxj/LoadingDrawable,LoadingDrawable,105,3102,528,46,1,0,1,,
https://github.com/dinuscxj/RecyclerRefreshLayout,RecyclerRefreshLayout,50,1528,254,73,3,0,2,,
https://github.com/diogobernardino/WilliamChart,WilliamChart,137,3627,724,425,4,0,10,,
https://github.com/Diolor/Swipecards,Swipecards,83,1970,552,163,5,1,5,,
https://github.com/dlew/joda-time-android,joda-time-android,70,2118,170,309,1,31,15,,
https://github.com/dm77/barcodescanner,barcodescanner,183,3680,1007,195,11,6,25,,
https://github.com/dmilicic/Android-Clean-Boilerplate,Android-Clean-Boilerplate,117,1819,405,17,2,0,,,
https://github.com/dmytrodanylyk/android-process-button,android-process-button,121,2673,570,81,3,1,3,,
https://github.com/dmytrodanylyk/circular-progress-button,circular-progress-button,212,4667,1127,77,2,0,,,
https://github.com/dodola/HotFix,HotFix,94,1547,454,13,1,0,,,
https://github.com/dongjunkun/DropDownMenu,DropDownMenu,70,2590,636,123,1,2,1,,
https://github.com/donglua/PhotoPicker,PhotoPicker,102,2404,635,307,1,14,,,
https://github.com/drakeet/MaterialDialog,MaterialDialog,93,2051,508,113,1,0,8,,
https://github.com/drakeet/Meizhi,Meizhi,175,3528,1105,308,3,0,10,,
https://github.com/drakeet/MultiType,MultiType,93,2837,444,277,3,37,5,,
https://github.com/dreamhead/moco,moco,225,2031,526,2,146,1,12,,
https://github.com/DreaminginCodeZH/Douya,Douya,167,3610,1030,901,1,10,1,,
https://github.com/DrKLO/Telegram,Telegram,868,9010,3735,311,2,0,11,,
https://github.com/DroidPluginTeam/DroidPlugin,DroidPlugin,519,5452,2318,221,3,2,19,,
https://github.com/dropbox/hackpad,hackpad,156,3100,487,43,2,0,8,,
https://github.com/dropwizard/dropwizard,dropwizard,484,6346,2735,4,377,11,104,,
https://github.com/dropwizard/metrics,metrics,411,5518,1448,2,330,16,72,,
https://github.com/druid-io/druid,druid,520,6075,1500,8,337,21,402,,
https://github.com/dyc87112/SpringBoot-Learning,SpringBoot-Learning,236,2250,1131,240,2,1,1,,
https://github.com/eclipse/che,che,294,4562,795,5,754,37,97,,
https://github.com/eclipse/jetty.project,jetty.project,246,1826,1120,15,150,24,301,,
https://github.com/eclipse/vert.x,vert.x,589,7348,1314,3,351,180,72,,
https://github.com/edmodo/cropper,cropper,269,2557,859,84,1,0,8,,
https://github.com/eirslett/frontend-maven-plugin,frontend-maven-plugin,130,2184,536,526,5,35,74,,
https://github.com/eishay/jvm-serializers,jvm-serializers,246,2172,425,521,3,0,21,,
https://github.com/elastic/elasticsearch,elasticsearch,2324,28607,9968,30,78,127,207,,
https://github.com/elasticjob/elastic-job-lite,elastic-job-lite,530,3213,1631,1,403,4,22,,
https://github.com/elevenetc/TextSurface,TextSurface,55,1794,219,14,1,2,2,,
https://github.com/eluleci/FlatUI,FlatUI,123,1605,481,54,2,0,,,
https://github.com/elye/loaderviewlibrary,loaderviewlibrary,33,1780,251,50,1,12,7,,
https://github.com/emilsjolander/StickyListHeaders,StickyListHeaders,311,5196,1560,414,1,19,42,,
https://github.com/EnterpriseQualityCoding/FizzBuzzEnterpriseEdition,FizzBuzzEnterpriseEdition,166,8464,434,161,1,0,30,,
https://github.com/Ereza/CustomActivityOnCrash,CustomActivityOnCrash,84,2268,388,98,1,10,7,,
https://github.com/esoxjem/MovieGuide,MovieGuide,95,1762,496,137,1,0,8,,
https://github.com/etsy/AndroidStaggeredGrid,AndroidStaggeredGrid,339,4639,1218,122,2,7,21,,
https://github.com/eugenp/tutorials,tutorials,566,4163,7258,7,217,77,0,,
https://github.com/evant/gradle-retrolambda,gradle-retrolambda,204,5212,458,331,4,39,24,,
https://github.com/evernote/android-job,android-job,143,3928,343,384,4,32,18,,
https://github.com/EverythingMe/overscroll-decor,overscroll-decor,61,1508,240,55,2,0,4,,
https://github.com/facebook/buck,buck,296,5492,833,14,732,5,32,,
https://github.com/facebook/device-year-class,device-year-class,145,1966,199,45,3,2,,,
https://github.com/facebook/facebook-android-sdk,facebook-android-sdk,553,4403,2554,683,2,76,50,,
https://github.com/facebook/fresco,fresco,953,14105,3510,1,589,8,32,,
https://github.com/facebook/litho,litho,130,4486,352,6,976,4,16,,
https://github.com/facebook/network-connection-class,network-connection-class,248,2516,422,19,2,2,5,,
https://github.com/facebook/react-native-fbsdk,react-native-fbsdk,72,1770,497,167,3,20,48,,
https://github.com/facebook/rebound,rebound,388,4955,825,125,5,10,,,
https://github.com/facebook/shimmer-android,shimmer-android,169,2533,450,15,2,1,,,
https://github.com/facebook/stetho,stetho,364,9218,841,527,4,11,42,,
https://github.com/fanrunqi/MaterialLogin,MaterialLogin,51,1760,343,32,1,0,,,
https://github.com/FasterXML/jackson-databind,jackson-databind,129,1563,640,4,574,17,102,,
https://github.com/felipecsl/AsymmetricGridView,AsymmetricGridView,83,1505,403,132,3,0,3,,
https://github.com/fengjundev/Android-Skin-Loader,Android-Skin-Loader,68,1678,372,70,1,0,2,,
https://github.com/FinalTeam/RxGalleryFinal,RxGalleryFinal,67,1788,341,254,3,1,,,
https://github.com/firebase/FirebaseUI-Android,FirebaseUI-Android,249,2475,1000,1,124,47,37,,
https://github.com/firebase/quickstart-android,quickstart-android,312,3242,3348,441,10,0,31,,
https://github.com/flavienlaurent/datetimepicker,datetimepicker,103,1880,637,73,1,0,8,,
https://github.com/flavienlaurent/NotBoringActionBar,NotBoringActionBar,93,1732,464,22,1,0,4,,
https://github.com/flavioarfaria/KenBurnsView,KenBurnsView,79,2108,368,111,2,8,,,
https://github.com/Flipboard/bottomsheet,bottomsheet,146,3614,513,163,2,11,18,,
https://github.com/florent37/CameraFragment,CameraFragment,63,1702,300,61,1,5,8,,
https://github.com/florent37/DiagonalLayout,DiagonalLayout,50,2185,293,56,2,2,4,,
https://github.com/florent37/ExpectAnim,ExpectAnim,74,2358,202,64,3,3,4,,
https://github.com/florent37/MaterialViewPager,MaterialViewPager,275,7040,1366,305,5,12,20,,
https://github.com/florent37/ViewAnimator,ViewAnimator,65,1857,329,65,2,3,7,,
https://github.com/flyway/flyway,flyway,145,2741,721,1,993,1,26,,
https://github.com/fqrouter/fqrouter,fqrouter,268,1871,589,1,47,2,1,,
https://github.com/Frank-Zhu/PullZoomView,PullZoomView,76,2128,639,27,2,1,,,
https://github.com/Freelander/Android_Data,Android_Data,726,6932,1905,107,1,0,,,
https://github.com/Freeyourgadget/Gadgetbridge,Gadgetbridge,138,1824,306,3,193,8,118,,
https://github.com/frogermcs/InstaMaterial,InstaMaterial,302,4534,1374,123,3,9,3,,
https://github.com/frogermcs/LikeAnimation,LikeAnimation,43,1512,235,8,1,0,2,,
https://github.com/Froussios/Intro-To-RxJava,Intro-To-RxJava,99,1542,313,310,2,0,,,
https://github.com/futuresimple/android-floating-action-button,android-floating-action-button,259,5298,1423,154,3,15,10,,
https://github.com/fyhertz/libstreaming,libstreaming,237,2053,808,121,2,6,6,,
https://github.com/fython/MaterialStepperView,MaterialStepperView,33,1667,176,39,1,6,3,,
https://github.com/gabrielemariotti/cardslib,cardslib,352,4744,1297,652,4,28,12,,
https://github.com/gabrielemariotti/RecyclerViewItemAnimators,RecyclerViewItemAnimators,139,2848,690,37,2,2,1,,
https://github.com/garretyoder/Colorful,Colorful,41,1684,162,2,1,14,1,,
https://github.com/GcsSloop/AndroidNote,AndroidNote,305,4819,1291,1,356,2,0,,
https://github.com/geeeeeeeeek/WeChatLuckyMoney,WeChatLuckyMoney,420,5705,1936,187,11,19,8,,
https://github.com/geftimov/android-pathview,android-pathview,99,2256,445,82,1,2,10,,
https://github.com/gephi/gephi,gephi,215,2467,1154,4,599,10,12,,
https://github.com/githubwing/ZoomHeader,ZoomHeader,50,2115,353,19,1,0,1,,
https://github.com/GitLqr/LQRWeChat,LQRWeChat,85,1985,623,18,2,0,1,,
https://github.com/gitpitch/gitpitch,gitpitch,87,3999,336,159,27,3,8,,
https://github.com/gjiazhe/PanoramaImageView,PanoramaImageView,34,1746,192,26,1,0,2,,
https://github.com/glomadrian/Grav,Grav,49,2123,256,51,1,1,1,,
https://github.com/go-lang-plugin-org/go-lang-idea-plugin,go-lang-idea-plugin,281,4449,545,3,588,20,42,,
https://github.com/gocd/gocd,gocd,242,3906,685,6,33,3,34,,
https://github.com/goldmansachs/gs-collections,gs-collections,202,1709,260,912,1,20,15,,
https://github.com/gongwen/MarqueeViewLibrary,MarqueeViewLibrary,37,1526,237,50,2,0,1,,
https://github.com/google/agera,agera,400,6975,644,159,2,15,10,,
https://github.com/google/android-classyshark,android-classyshark,283,4583,587,599,3,16,13,,
https://github.com/google/auto,auto,346,6198,665,894,4,42,45,,
https://github.com/google/binnavi,binnavi,227,2306,407,281,4,3,17,,
https://github.com/google/cameraview,cameraview,139,3050,647,78,1,0,16,,
https://github.com/google/closure-compiler,closure-compiler,245,3981,772,11,752,32,112,,
https://github.com/google/error-prone,error-prone,178,3421,368,2,871,17,27,,
https://github.com/google/ExoPlayer,ExoPlayer,684,9080,2977,3,875,7,104,,
https://github.com/google/google-authenticator,google-authenticator,277,2827,566,214,1,1,25,,
https://github.com/google/google-java-format,google-java-format,127,1622,305,422,5,7,38,,
https://github.com/google/grafika,grafika,262,2738,777,67,1,1,3,,
https://github.com/google/guava,guava,2041,22067,5107,4,640,4,75,,
https://github.com/google/guice,guice,508,6241,995,1,652,3,24,,
https://github.com/google/hover,hover,82,2255,205,86,7,8,2,,
https://github.com/google/iosched,iosched,1416,15357,5318,1,548,2,7,,
https://github.com/google/j2objc,j2objc,318,5045,687,3,822,3,29,,
https://github.com/google/physical-web,physical-web,647,6021,727,1,314,11,19,,
https://github.com/google/tiger,tiger,92,1669,109,35,1,0,8,,
https://github.com/google/wycheproof,wycheproof,154,1787,179,30,1,0,11,,
https://github.com/googlemaps/android-maps-utils,android-maps-utils,214,2348,1103,685,3,14,46,,
https://github.com/googlesamples/android-architecture-components,android-architecture-components,416,6608,1317,140,11,0,25,,
https://github.com/googlesamples/android-testing,android-testing,397,5039,1817,111,6,0,23,,
https://github.com/googlesamples/android-testing-templates,android-testing-templates,133,1654,237,26,4,0,5,,
https://github.com/googlesamples/android-UniversalMusicPlayer,android-UniversalMusicPlayer,569,8968,2874,200,1,3,15,,
https://github.com/googlesamples/android-vision,android-vision,201,1975,1175,71,1,0,16,,
https://github.com/googlesamples/easypermissions,easypermissions,206,5101,846,130,7,7,18,,
https://github.com/googlesamples/google-services,google-services,220,2127,2202,622,4,0,35,,
https://github.com/gotev/android-upload-service,android-upload-service,93,1591,460,553,4,27,17,,
https://github.com/gradle/gradle,gradle,443,6240,2036,50,33,247,242,,
https://github.com/grails/grails-core,grails-core,240,2287,919,18,212,241,175,,
https://github.com/grandcentrix/tray,tray,95,1855,220,313,2,10,9,,
https://github.com/grantland/android-autofittextview,android-autofittextview,106,3285,579,61,2,4,3,,
https://github.com/graphql-java/graphql-java,graphql-java,155,1926,360,1,203,4,15,,
https://github.com/Graylog2/graylog2-server,graylog2-server,250,4061,616,12,690,54,169,,
https://github.com/gre/gl-react-native-v2,gl-react-native-v2,48,1565,140,374,2,81,19,,
https://github.com/greenrobot/EventBus,EventBus,1081,17282,3934,480,8,5,20,,
https://github.com/greenrobot/greenDAO,greenDAO,550,9456,2559,837,2,18,6,,
https://github.com/GrenderG/Toasty,Toasty,104,3826,466,94,1,12,4,,
https://github.com/grpc/grpc-java,grpc-java,459,3744,1202,2,515,14,32,,
https://github.com/guardianproject/haven,haven,271,4206,589,539,2,32,32,,
https://github.com/gyf-dev/ImmersionBar,ImmersionBar,70,2835,472,42,1,0,1,,
https://github.com/gzu-liyujiang/AndroidPicker,AndroidPicker,111,3212,957,326,1,31,7,,
https://github.com/H07000223/FlycoDialog_Master,FlycoDialog_Master,67,1775,474,76,1,3,2,,
https://github.com/H07000223/FlycoTabLayout,FlycoTabLayout,190,5822,1371,40,2,4,1,,
https://github.com/h2oai/h2o-2,h2o-2,448,2255,598,16,171,118,324,,
https://github.com/h2oai/h2o-3,h2o-3,330,2825,1117,22,394,644,1,h2oai,
https://github.com/h6ah4i/android-advancedrecyclerview,android-advancedrecyclerview,195,3849,750,604,15,29,16,,
https://github.com/hackware1993/MagicIndicator,MagicIndicator,110,3878,732,152,1,11,1,,
https://github.com/haifengl/smile,smile,250,3626,683,1,108,2,11,,
https://github.com/hankcs/HanLP,HanLP,609,5755,1949,773,2,30,21,,
https://github.com/hanks-zyh/HTextView,HTextView,102,3712,626,123,2,1,8,,
https://github.com/HannahMitt/HomeMirror,HomeMirror,313,7764,689,115,1,0,10,,
https://github.com/harjot-oberai/MusicDNA,MusicDNA,86,2175,435,348,4,2,7,,
https://github.com/hazelcast/hazelcast,hazelcast,275,2420,982,25,589,14,148,,
https://github.com/hdodenhof/CircleImageView,CircleImageView,376,9038,2292,115,2,11,10,,
https://github.com/hefuyicoder/ListenerMusicPlayer,ListenerMusicPlayer,79,1820,432,31,2,0,2,,
https://github.com/henrytao-me/smooth-app-bar-layout,smooth-app-bar-layout,57,1625,232,253,32,53,4,,
https://github.com/HeZaiJin/SlantedTextView,SlantedTextView,39,1498,244,25,2,0,,,
https://github.com/hibernate/hibernate-orm,hibernate-orm,323,3016,2118,8,411,20,152,,
https://github.com/hitherejoe/Android-Boilerplate,Android-Boilerplate,83,1798,1135,58,1,0,4,,
https://github.com/hitherejoe/animate,animate,98,2745,435,18,1,0,,,
https://github.com/hmkcode/Android,Android,403,2330,3071,45,1,0,1,,
https://github.com/hongyangAndroid/android-percent-support-extend,android-percent-support-extend,94,1655,504,16,1,0,1,,
https://github.com/hongyangAndroid/AndroidAutoLayout,AndroidAutoLayout,334,5873,1835,49,1,0,2,,
https://github.com/hongyangAndroid/baseAdapter,baseAdapter,149,3565,1050,12,1,0,1,,
https://github.com/hongyangAndroid/FlowLayout,FlowLayout,104,3374,818,37,1,0,6,,
https://github.com/hongyangAndroid/Highlight,Highlight,68,2271,497,64,1,0,,,
https://github.com/hongyangAndroid/okhttputils,okhttputils,409,6052,2264,79,1,0,6,,
https://github.com/HoraApps/LeafPic,LeafPic,115,2190,797,1,267,5,9,,
https://github.com/HotBitmapGG/bilibili-android-client,bilibili-android-client,141,3278,979,486,3,21,1,,
https://github.com/hs-web/hsweb-framework,hsweb-framework,529,3027,1374,1,581,3,2,,
https://github.com/http-kit/http-kit,http-kit,125,1722,253,489,12,30,55,,
https://github.com/huazhiyuan2008/RecyclerViewCardGallery,RecyclerViewCardGallery,38,1827,339,21,3,0,2,,
https://github.com/hugeterry/CoordinatorTabLayout,CoordinatorTabLayout,64,2952,423,76,1,0,1,,
https://github.com/hussien89aa/AndroidTutorialForBeginners,AndroidTutorialForBeginners,125,1589,2641,34,1,0,,,
https://github.com/iammert/MaterialIntroView,MaterialIntroView,69,2023,319,98,2,8,9,,
https://github.com/iammert/ScalingLayout,ScalingLayout,48,2245,195,27,1,3,3,,
https://github.com/iBotPeaches/Apktool,Apktool,472,5725,1704,1,327,4,30,,
https://github.com/ICT-BDA/EasyML,EasyML,133,1544,328,79,2,2,,,
https://github.com/igniterealtime/Smack,Smack,203,1607,663,3,280,4,32,,
https://github.com/ikew0ng/SwipeBackLayout,SwipeBackLayout,216,4837,1358,72,1,0,9,,
https://github.com/iluwatar/java-design-patterns,java-design-patterns,2749,29433,9495,1,985,10,12,,
https://github.com/immutables/immutables,immutables,80,1860,130,1,498,3,106,,
https://github.com/inmite/android-selector-chapek,android-selector-chapek,59,1582,215,13,1,0,,,
https://github.com/iPaulPro/aFileChooser,aFileChooser,120,1578,729,38,1,0,8,,
https://github.com/iPaulPro/Android-ItemTouchHelper-Demo,Android-ItemTouchHelper-Demo,78,2140,433,13,1,3,1,,
https://github.com/iSoron/uhabits,uhabits,110,1617,369,1,175,9,28,,
https://github.com/IsseiAoki/SimpleCropView,SimpleCropView,67,1839,357,240,9,16,9,,
https://github.com/ityouknow/spring-boot-examples,spring-boot-examples,212,1749,1355,76,1,0,1,,
https://github.com/ivacf/archi,archi,153,3094,493,41,2,0,4,,
https://github.com/iwgang/CountdownView,CountdownView,50,1796,451,98,1,3,4,,
https://github.com/izzyleung/ZhihuDailyPurify,ZhihuDailyPurify,197,4311,996,22,1,1,1,,
https://github.com/jackpal/Android-Terminal-Emulator,Android-Terminal-Emulator,244,1745,687,1,38,2,40,,
https://github.com/Jacksgong/JKeyboardPanelSwitch,JKeyboardPanelSwitch,119,2647,463,180,7,13,3,,
https://github.com/JackyAndroid/AndroidChromium,AndroidChromium,122,1960,481,66,1,2,5,,
https://github.com/JackyAndroid/AndroidInterview-Q-A,AndroidInterview-Q-A,578,6986,1629,140,2,0,8,,
https://github.com/JackyAndroid/AndroidTVLauncher,AndroidTVLauncher,130,1958,468,185,1,2,2,,
https://github.com/JakeWharton/ActionBarSherlock,ActionBarSherlock,799,7323,3972,1,480,4,32,,
https://github.com/JakeWharton/butterknife,butterknife,1102,20067,4003,816,3,38,72,,
https://github.com/JakeWharton/DiskLruCache,DiskLruCache,254,4160,979,136,3,9,10,,
https://github.com/JakeWharton/hugo,hugo,221,5808,559,121,4,5,14,,
https://github.com/JakeWharton/NineOldAndroids,NineOldAndroids,350,4319,1672,115,4,9,5,,
https://github.com/JakeWharton/RxBinding,RxBinding,370,6969,745,484,4,8,34,,
https://github.com/JakeWharton/RxRelay,RxRelay,66,1646,81,47,3,4,7,,
https://github.com/JakeWharton/scalpel,scalpel,88,2455,209,58,2,3,6,,
https://github.com/JakeWharton/Telecine,Telecine,101,2175,395,263,6,17,,,
https://github.com/JakeWharton/ThreeTenABP,ThreeTenABP,47,1901,58,40,2,6,4,,
https://github.com/JakeWharton/timber,timber,217,5266,542,320,2,32,36,,
https://github.com/JakeWharton/u2020,u2020,345,5300,964,485,1,0,38,,
https://github.com/JakeWharton/ViewPagerIndicator,ViewPagerIndicator,715,9604,4291,241,3,15,15,,
https://github.com/janishar/mit-deep-learning-book-pdf,mit-deep-learning-book-pdf,114,1896,438,14,1,2,2,,
https://github.com/jankotek/mapdb,mapdb,321,2982,665,2,69,8,82,,
https://github.com/jaredrummler/AnimatedSvgView,AnimatedSvgView,45,1539,207,54,1,0,2,,
https://github.com/Jasonchenlijian/FastBle,FastBle,79,1759,477,126,2,8,2,,
https://github.com/jasonross/Nuwa,Nuwa,170,2806,588,14,2,0,,,
https://github.com/java-native-access/jna,jna,316,3673,956,3,430,4,46,,
https://github.com/javaee-samples/javaee7-samples,javaee7-samples,374,2048,1440,1,423,2,0,,
https://github.com/javaparser/javaparser,javaparser,87,1550,377,4,203,2,78,,
https://github.com/jaydenxiao2016/AndroidFire,AndroidFire,83,1794,628,22,1,0,,,
https://github.com/jd-alexander/LikeButton,LikeButton,51,2134,293,123,2,14,9,,
https://github.com/jdamcd/android-crop,android-crop,186,3977,1094,211,3,12,20,,
https://github.com/jdsjlzx/LRecyclerView,LRecyclerView,67,1817,504,372,1,33,4,,
https://github.com/jeasonlzy/ImagePicker,ImagePicker,90,2586,639,143,2,8,10,,
https://github.com/jeasonlzy/okhttp-OkGo,okhttp-OkGo,340,6853,1808,250,2,14,4,,
https://github.com/JeffLi1993/springboot-learning-example,springboot-learning-example,379,3038,1888,92,1,0,2,,
https://github.com/jersey/jersey,jersey,350,2597,2402,3,152,14,97,,
https://github.com/JessYanCoding/MVPArms,MVPArms,201,4113,1066,698,4,20,8,,
https://github.com/JesusFreke/smali,smali,230,2491,554,1,744,1,57,,
https://github.com/JetBrains/ideavim,ideavim,199,3105,351,1,528,2,28,,
https://github.com/JetBrains/intellij-community,intellij-community,394,5493,2149,212,928,160,57,JetBrains,
https://github.com/jfeinstein10/JazzyViewPager,JazzyViewPager,196,2614,896,26,1,0,4,,
https://github.com/jfeinstein10/SlidingMenu,SlidingMenu,1068,10883,5530,336,8,0,21,,
https://github.com/jfinal/jfinal,jfinal,361,2337,1228,368,2,14,15,,
https://github.com/jfoenixadmin/JFoenix,JFoenix,138,2159,419,882,2,0,30,,
https://github.com/jgilfelt/android-sqlite-asset-helper,android-sqlite-asset-helper,135,1907,499,69,3,4,4,,
https://github.com/jgilfelt/android-viewbadger,android-viewbadger,233,2933,1094,21,2,0,,,
https://github.com/jgilfelt/chuck,chuck,66,2958,213,139,2,5,6,,
https://github.com/jgilfelt/SystemBarTint,SystemBarTint,236,4732,1234,63,3,3,4,,
https://github.com/jhalterman/failsafe,failsafe,95,2040,125,255,7,25,,,
https://github.com/jhy/jsoup,jsoup,368,5553,1445,1,156,1,36,,
https://github.com/jiangqqlmj/FastDev4Android,FastDev4Android,192,2492,985,122,1,4,1,,
https://github.com/jitsi/jitsi,jitsi,157,1546,514,12,626,10,871,,
https://github.com/jjdxmashl/jjdxm_ijkplayer,jjdxm_ijkplayer,62,1634,420,53,1,0,1,,
https://github.com/jMonkeyEngine/jmonkeyengine,jmonkeyengine,217,1669,671,6,507,15,22,,
https://github.com/JoanZapata/android-iconify,android-iconify,135,3369,472,301,3,26,14,,
https://github.com/JoanZapata/android-pdfview,android-pdfview,168,2275,748,82,2,5,9,,
https://github.com/JoanZapata/base-adapter-helper,base-adapter-helper,108,1688,568,150,3,14,7,,
https://github.com/JodaOrg/joda-time,joda-time,230,3359,721,2,60,6,54,,
https://github.com/joelittlejohn/jsonschema2pojo,jsonschema2pojo,190,3538,993,931,9,55,73,,
https://github.com/johannilsson/android-pulltorefresh,android-pulltorefresh,260,2547,1150,100,3,0,15,,
https://github.com/johncarl81/parceler,parceler,89,3217,250,495,1,35,20,,
https://github.com/JohnPersano/SuperToasts,SuperToasts,125,2484,515,316,1,5,4,,
https://github.com/jOOQ/jOOQ,jOOQ,162,2189,569,6,162,12,57,,
https://github.com/JorgeCastilloPrz/AndroidFillableLoaders,AndroidFillableLoaders,55,1719,243,47,3,0,5,,
https://github.com/journeyapps/zxing-android-embedded,zxing-android-embedded,159,2459,671,1,175,9,19,,
https://github.com/joyoyao/superCleanMaster,superCleanMaster,91,1497,750,23,1,0,2,,
https://github.com/jprante/elasticsearch-jdbc,elasticsearch-jdbc,220,2313,637,452,15,90,40,,
https://github.com/jpush/aurora-imui,aurora-imui,131,2972,424,789,2,43,12,,
https://github.com/json-path/JsonPath,JsonPath,185,2349,514,804,2,18,35,,
https://github.com/Jude95/EasyRecyclerView,EasyRecyclerView,71,1751,446,181,1,0,,,
https://github.com/JulienGenoud/android-percent-support-lib-sample,android-percent-support-lib-sample,155,2697,666,36,1,2,,,
https://github.com/junit-team/junit4,junit4,651,6684,2579,2,197,5,20,,
https://github.com/junit-team/junit5,junit5,225,1829,418,4,169,19,19,,
https://github.com/Justson/AgentWeb,AgentWeb,91,3139,625,415,2,11,1,,
https://github.com/JustWayward/BookReader,BookReader,193,3916,1234,438,1,0,7,,
https://github.com/jwtk/jjwt,jjwt,185,2773,469,292,11,10,22,,
https://github.com/k0shk0sh/FastHub,FastHub,208,2690,354,1,654,6,54,,
https://github.com/k9mail/k-9,k-9,326,3626,1894,7,549,89,362,,
https://github.com/kabouzeid/Phonograph,Phonograph,81,1611,348,1,354,6,9,,
https://github.com/kanytu/android-parallax-recyclerview,android-parallax-recyclerview,63,1549,296,46,3,6,4,,
https://github.com/Kaopiz/android-segmented-control,android-segmented-control,75,1539,368,130,4,1,,,
https://github.com/Karumi/Dexter,Dexter,88,2996,361,253,2,25,27,,
https://github.com/Karumi/Rosie,Rosie,78,1829,163,451,4,8,,,
https://github.com/kaushikgopal/RxJava-Android-Samples,RxJava-Android-Samples,358,6208,1194,335,10,0,22,,
https://github.com/kbastani/spring-cloud-microservice-example,spring-cloud-microservice-example,325,2135,1409,29,3,0,4,,
https://github.com/kdn251/interviews,interviews,1115,18783,2867,357,1,0,23,,
https://github.com/KeepSafe/TapTargetView,TapTargetView,92,3386,310,137,2,18,18,,
https://github.com/Kelin-Hong/ScrollablePanel,ScrollablePanel,30,1535,224,6,1,0,,,
https://github.com/kevin-wayne/algs4,algs4,267,2218,1049,118,1,0,,,
https://github.com/kevinsawicki/http-request,http-request,223,2475,683,446,2,29,15,,
https://github.com/keyboardsurfer/Crouton,Crouton,189,3046,742,413,2,9,,,
https://github.com/keycloak/keycloak,keycloak,190,1979,1139,10,436,3,118,,
https://github.com/kickstarter/android-oss,android-oss,170,4337,697,3,739,19,18,,
https://github.com/KieronQuinn/PersistentSearch,PersistentSearch,81,1785,429,57,1,0,11,,
https://github.com/kikoso/android-stackblur,android-stackblur,153,3020,669,72,2,0,6,,
https://github.com/killbill/killbill,killbill,103,1614,329,6,543,17,229,,
https://github.com/klinker24/Talon-for-Twitter,Talon-for-Twitter,114,1654,355,497,2,1,,,
https://github.com/knightliao/disconf,disconf,577,3486,1724,1,156,3,24,,
https://github.com/konifar/android-material-design-icon-generator-plugin,android-material-design-icon-generator-plugin,78,2127,214,118,1,4,10,,
https://github.com/Konloch/bytecode-viewer,bytecode-viewer,318,9091,437,226,2,35,13,,
https://github.com/konmik/nucleus,nucleus,111,1919,273,188,4,0,12,,
https://github.com/koral--/android-gif-drawable,android-gif-drawable,262,5737,1348,922,10,42,15,,
https://github.com/koush/AndroidAsync,AndroidAsync,382,5102,1249,941,6,0,51,,
https://github.com/koush/ion,ion,354,5601,982,820,6,0,,,
https://github.com/Krupen/FabulousFilter,FabulousFilter,39,1575,188,52,2,0,,,
https://github.com/ksoichiro/Android-ObservableScrollView,Android-ObservableScrollView,423,8534,2054,383,4,12,14,,
https://github.com/kyleduo/SwitchButton,SwitchButton,103,3450,758,161,4,0,4,,
https://github.com/kymjs/KJFrameForAndroid,KJFrameForAndroid,269,1950,861,522,4,23,6,,
https://github.com/l123456789jy/Lazy,Lazy,93,1576,637,71,1,0,,,
https://github.com/LaiFeng-Android/SopCastComponent,SopCastComponent,95,1716,411,33,2,0,,,
https://github.com/languagetool-org/languagetool,languagetool,117,1790,378,25,468,7,21,,
https://github.com/laobie/StatusBarUtil,StatusBarUtil,129,4850,954,59,2,0,6,,
https://github.com/lapism/SearchBar-SearchView,SearchBar-SearchView,73,1772,333,710,2,0,28,,
https://github.com/LawnchairLauncher/Lawnchair,Lawnchair,178,1746,336,16,94,11,335,,
https://github.com/lcodecorex/TwinklingRefreshLayout,TwinklingRefreshLayout,85,3015,545,70,2,4,,,
https://github.com/ldoublem/LoadingView,LoadingView,61,1959,365,57,1,0,1,,
https://github.com/lecho/hellocharts-android,hellocharts-android,284,5445,1450,817,3,14,13,,
https://github.com/lendylongli/qianghongbao,qianghongbao,167,1635,883,56,1,0,3,,
https://github.com/leolin310148/ShortcutBadger,ShortcutBadger,192,4388,898,186,1,1,28,,
https://github.com/lets-blade/blade,blade,244,3362,751,332,6,24,10,,
https://github.com/lgvalle/Material-Animations,Material-Animations,503,11041,2261,76,5,0,9,,
https://github.com/liaohuqiu/android-Ultra-Pull-To-Refresh,android-Ultra-Pull-To-Refresh,465,8797,2787,182,4,8,8,,
https://github.com/libgdx/libgdx,libgdx,1328,13342,5555,13,139,8,44,,
https://github.com/libgdx/packr,packr,70,1687,92,212,1,3,16,,
https://github.com/lightbend/config,config,195,3310,550,882,8,26,52,,
https://github.com/lihengming/spring-boot-api-project-seed,spring-boot-api-project-seed,208,2149,939,100,1,4,1,,
https://github.com/linger1216/labelview,labelview,49,1518,325,34,1,3,5,,
https://github.com/lingochamp/FileDownloader,FileDownloader,280,6018,1322,719,8,61,5,,
https://github.com/linkedin/databus,databus,322,1834,438,324,3,0,12,,
https://github.com/linkedin/pinot,pinot,185,1736,315,4,581,153,382,,
https://github.com/linkedin/rest.li,rest.li,192,1728,322,1,766,2,343,,
https://github.com/lipangit/JiaoZiVideoPlayer,JiaoZiVideoPlayer,242,6081,1563,1,527,3,73,,
https://github.com/LitePalFramework/LitePal,LitePal,262,4444,1100,353,1,0,4,,
https://github.com/litesuits/android-common,android-common,205,2889,974,79,1,1,,,
https://github.com/liyifeng1994/ssm,ssm,194,2278,1224,18,3,0,3,,
https://github.com/LMAX-Exchange/disruptor,disruptor,1144,7140,1917,896,16,31,26,,
https://github.com/loopj/android-async-http,android-async-http,858,10147,4347,874,3,11,77,,
https://github.com/lovetuzitong/MultiImageSelector,MultiImageSelector,109,2657,789,29,1,2,2,,
https://github.com/lsjwzh/RecyclerViewPager,RecyclerViewPager,89,2788,553,185,2,9,26,,
https://github.com/ltsopensource/light-task-scheduler,light-task-scheduler,245,1528,745,1,41,5,31,,
https://github.com/lucasr/twoway-view,twoway-view,248,5117,1065,356,3,3,,,
https://github.com/LuckSiege/PictureSelector,PictureSelector,98,3187,599,1,153,1,60,,
https://github.com/LuckyJayce/ViewPagerIndicator,ViewPagerIndicator,114,1916,576,75,2,16,1,,
https://github.com/luojilab/DDComponentForAndroid,DDComponentForAndroid,72,1814,293,116,11,3,6,,
https://github.com/Luosunce/material-design-data,material-design-data,65,1579,270,32,1,0,,,
https://github.com/lyft/scissors,scissors,311,1731,206,65,1,6,11,,
https://github.com/lygttpod/SuperTextView,SuperTextView,56,2056,395,186,3,26,2,,
https://github.com/LyndonChin/MasteringAndroidDataBinding,MasteringAndroidDataBinding,131,2399,509,77,1,0,,,
https://github.com/lzyzsd/CircleProgress,CircleProgress,129,2833,802,76,1,6,13,,
https://github.com/lzyzsd/JsBridge,JsBridge,183,4312,990,56,1,4,10,,
https://github.com/M66B/XPrivacy,XPrivacy,271,1751,487,8,153,1,171,,
https://github.com/MagicMashRoom/SuperCalendar,SuperCalendar,47,1916,361,160,2,14,4,,
https://github.com/makovkastar/FloatingActionButton,FloatingActionButton,199,3931,915,321,2,0,15,,
https://github.com/Malinskiy/SuperRecyclerView,SuperRecyclerView,110,2563,476,48,3,7,7,,
https://github.com/Manabu-GT/ExpandableTextView,ExpandableTextView,95,2820,665,29,6,4,3,,
https://github.com/mancj/SlideUp-Android,SlideUp-Android,42,1489,194,167,1,14,,,
https://github.com/ManuelPeinado/FadingActionBar,FadingActionBar,148,2901,770,114,6,8,3,,
https://github.com/markushi/android-ui,android-ui,142,2223,462,13,2,0,2,,
https://github.com/markzhai/AndroidPerformanceMonitor,AndroidPerformanceMonitor,182,3810,652,182,1,1,,,
https://github.com/Marswin/MarsDaemon,MarsDaemon,149,2189,671,4,1,0,1,,
https://github.com/material-components/material-components-android,material-components-android,144,2543,226,1,26,1,0,,
https://github.com/matrixxun/ProductTour,ProductTour,79,1761,307,51,1,0,,,
https://github.com/MatthiasRobbers/shortbread,shortbread,41,1498,119,16,2,3,,,
https://github.com/maurycyw/StaggeredGridView,StaggeredGridView,156,1660,734,29,2,0,3,,
https://github.com/mcharmas/android-parcelable-intellij-plugin,android-parcelable-intellij-plugin,80,1895,199,107,2,6,8,,
https://github.com/mcharmas/Android-ReactiveLocation,Android-ReactiveLocation,89,1924,277,168,4,6,24,,
https://github.com/mcxiaoke/android-volley,android-volley,369,4445,1738,1,932,1,20,,
https://github.com/mcxiaoke/packer-ng-plugin,packer-ng-plugin,177,3364,647,209,5,14,,,
https://github.com/mcxtzhang/SwipeDelMenuLayout,SwipeDelMenuLayout,30,1741,332,124,2,10,1,,
https://github.com/mcxtzhang/ZLayoutManager,ZLayoutManager,37,1563,271,43,4,5,,,
https://github.com/medcl/elasticsearch-analysis-ik,elasticsearch-analysis-ik,378,3751,1042,215,8,59,24,,
https://github.com/Meituan-Dianping/Robust,Robust,115,2501,393,199,15,13,4,,
https://github.com/Meituan-Dianping/walle,walle,93,2671,391,206,3,13,4,,
https://github.com/Microsoft/malmo,malmo,281,2752,423,1,195,18,17,,
https://github.com/MiguelCatalan/MaterialSearchView,MaterialSearchView,82,2862,499,66,2,7,8,,
https://github.com/mihaip/dex-method-counts,dex-method-counts,116,2420,378,49,1,0,,,
https://github.com/MikeOrtiz/TouchImageView,TouchImageView,126,1849,768,85,2,3,4,,
https://github.com/mikepenz/AboutLibraries,AboutLibraries,78,2005,256,1,55,14,103,,
https://github.com/mikepenz/Android-Iconics,Android-Iconics,156,3512,463,716,10,74,24,,
https://github.com/mikepenz/FastAdapter,FastAdapter,64,2041,289,1,131,40,106,,
https://github.com/mikepenz/LollipopShowcase,LollipopShowcase,112,1805,534,83,3,6,2,,
https://github.com/mikepenz/MaterialDrawer,MaterialDrawer,367,8863,1790,1,831,22,168,,
https://github.com/MindorksOpenSource/android-interview-questions,android-interview-questions,229,3312,564,185,1,0,20,,
https://github.com/MindorksOpenSource/android-mvp-architecture,android-mvp-architecture,135,2395,624,155,4,0,10,,
https://github.com/MindorksOpenSource/from-java-to-kotlin,from-java-to-kotlin,131,3036,324,86,1,0,22,,
https://github.com/MinecraftForge/MinecraftForge,MinecraftForge,363,2151,1051,6,133,18,43,,
https://github.com/mission-peace/interview,interview,696,4232,2177,800,1,0,21,,
https://github.com/mockito/mockito,mockito,340,6066,1092,4,508,19,334,,
https://github.com/moezbhatti/qksms,qksms,76,1745,537,626,3,33,37,,
https://github.com/mongodb/mongo-java-driver,mongo-java-driver,235,1933,1134,6,166,15,125,,
https://github.com/MostafaGazar/CustomShapeImageView,CustomShapeImageView,84,1489,440,62,3,3,5,,
https://github.com/motianhuo/wechat,wechat,376,4113,1909,69,2,0,2,,
https://github.com/MovingBlocks/Terasology,Terasology,211,2275,1009,7,882,12,37,,
https://github.com/mpusher/mpush,mpush,232,1570,695,1,544,6,9,,
https://github.com/mrniko/netty-socketio,netty-socketio,286,2451,776,740,2,28,21,,
https://github.com/mthli/Knife,Knife,54,1669,202,66,2,2,1,,
https://github.com/Muddz/StyleableToast,StyleableToast,45,1498,186,238,2,0,3,,
https://github.com/mxn21/FlowingDrawer,FlowingDrawer,61,2035,404,91,4,0,2,,
https://github.com/mybatis/generator,generator,315,2062,1369,710,2,11,15,,
https://github.com/mybatis/mybatis-3,mybatis-3,1015,6734,4335,2,364,4,25,,
https://github.com/mybatis/spring-boot-starter,spring-boot-starter,186,1597,760,338,6,10,13,,
https://github.com/MyCATApache/Mycat-Server,Mycat-Server,576,3699,2339,2,223,7,20,,
https://github.com/mzule/ActivityRouter,ActivityRouter,69,2181,328,109,2,3,,,
https://github.com/naman14/Timber,Timber,232,4222,1295,586,9,4,35,,
https://github.com/nanchen2251/CompressHelper,CompressHelper,37,1501,251,48,1,5,1,,
https://github.com/NanoHttpd/nanohttpd,nanohttpd,286,3441,1147,593,2,13,59,,
https://github.com/Naoki2015/CircleDemo,CircleDemo,67,1714,530,89,1,0,2,,
https://github.com/nathanmarz/storm,storm,1128,9066,1800,1,764,44,5,,
https://github.com/navasmdc/MaterialDesignLibrary,MaterialDesignLibrary,536,8584,2393,74,4,3,10,,
https://github.com/naver/pinpoint,pinpoint,679,5406,1728,9,544,6,19,,
https://github.com/neo4j/neo4j,neo4j,390,4678,1274,53,426,16,221,,
https://github.com/neokree/MaterialNavigationDrawer,MaterialNavigationDrawer,102,1596,490,121,2,0,5,,
https://github.com/Netflix/archaius,archaius,412,1554,337,631,8,110,33,,
https://github.com/Netflix/curator,curator,466,1794,393,1,50,9,92,,
https://github.com/Netflix/eureka,eureka,737,4763,1114,1,495,9,223,,
https://github.com/Netflix/Hystrix,Hystrix,1311,12501,2509,2,89,5,146,,
https://github.com/Netflix/ribbon,ribbon,460,1853,456,817,6,68,37,,
https://github.com/Netflix/SimianArmy,SimianArmy,737,6178,866,762,3,7,45,,
https://github.com/Netflix/zuul,zuul,628,3793,833,311,15,48,39,,
https://github.com/netty/netty,netty,1483,12713,5880,8,655,28,187,,
https://github.com/nhaarman/ListViewAnimations,ListViewAnimations,479,5661,1836,609,6,25,14,,
https://github.com/nickbutcher/plaid,plaid,528,10546,2228,449,5,7,31,,
https://github.com/nicolasgramlich/AndEngine,AndEngine,403,2949,1467,1,800,3,0,,
https://github.com/Nightonke/BoomMenu,BoomMenu,158,4403,860,195,1,0,3,,
https://github.com/Nightonke/CoCoin,CoCoin,96,1821,664,104,1,0,,,
https://github.com/Nightonke/WoWoViewPager,WoWoViewPager,83,2283,393,137,1,0,,,
https://github.com/ninjaframework/ninja,ninja,236,1767,505,1,989,5,95,,
https://github.com/niorgai/StatusBarCompat,StatusBarCompat,47,1615,280,31,1,11,,,
https://github.com/nispok/snackbar,snackbar,62,1549,266,365,2,58,27,,
https://github.com/nisrulz/android-tips-tricks,android-tips-tricks,178,2623,324,202,3,0,9,,
https://github.com/nisrulz/sensey,sensey,67,2179,205,203,3,12,3,,
https://github.com/NLPchina/ansj_seg,ansj_seg,627,3852,1837,638,5,3,27,,
https://github.com/NLPchina/elasticsearch-sql,elasticsearch-sql,374,3215,793,748,54,82,24,,
https://github.com/north2016/T-MVP,T-MVP,133,2220,576,173,1,0,,,
https://github.com/nostra13/Android-Universal-Image-Loader,Android-Universal-Image-Loader,1464,15951,6481,1,25,3,15,,
https://github.com/notnoop/java-apns,java-apns,209,1621,643,472,4,18,29,,
https://github.com/novoda/android-demos,android-demos,253,1809,654,298,6,3,24,,
https://github.com/nutzam/nutz,nutz,279,1744,875,5,737,17,51,,
https://github.com/NYTimes/Store,Store,95,2681,240,222,6,16,35,,
https://github.com/oasisfeng/condom,condom,56,1815,120,121,3,3,2,,
https://github.com/objectbox/objectbox-java,objectbox-java,87,1957,108,544,2,2,3,,
https://github.com/oblac/jodd,jodd,218,2233,546,4,564,4,34,,
https://github.com/ogaclejapan/SmartTabLayout,SmartTabLayout,177,5152,1079,105,1,16,12,,
https://github.com/oguzbilgener/CircularFloatingActionMenu,CircularFloatingActionMenu,124,2259,654,49,2,0,2,,
https://github.com/oldmanpushcart/greys-anatomy,greys-anatomy,299,1638,717,652,2,0,11,,
https://github.com/ongakuer/CircleIndicator,CircleIndicator,85,2797,532,80,2,0,7,,
https://github.com/openaphid/android-flip,android-flip,270,2654,1350,113,2,4,,,
https://github.com/OpenFeign/feign,feign,330,2576,496,555,17,91,82,,
https://github.com/openhab/openhab1-addons,openhab1-addons,438,3474,1682,9,324,13,29,,
https://github.com/OpenRefine/OpenRefine,OpenRefine,500,5035,906,2,730,20,29,,
https://github.com/OpenTSDB/opentsdb,opentsdb,331,2915,908,1,464,9,24,,
https://github.com/openzipkin/zipkin,zipkin,628,7616,1249,1,421,26,121,,
https://github.com/oracle/opengrok,opengrok,156,1846,389,3,548,3,47,,
https://github.com/orfjackal/retrolambda,retrolambda,153,3378,216,496,5,34,17,,
https://github.com/orhanobut/dialogplus,dialogplus,137,3665,639,151,1,13,8,,
https://github.com/orhanobut/hawk,hawk,92,2623,263,263,2,21,14,,
https://github.com/orhanobut/logger,logger,337,8465,1465,117,1,20,,,
https://github.com/orientechnologies/orientdb,orientdb,305,3351,711,16,413,41,114,,
https://github.com/owncloud/android,android,367,2402,2604,6,341,58,71,,
https://github.com/ozodrukh/CircularReveal,CircularReveal,73,2269,384,90,3,19,12,,
https://github.com/pagehelper/Mybatis-PageHelper,Mybatis-PageHelper,353,3512,1336,442,2,48,12,,
https://github.com/pakerfeldt/android-viewflow,android-viewflow,201,1846,778,120,5,0,11,,
https://github.com/pardom/ActiveAndroid,ActiveAndroid,271,4543,1093,284,2,1,26,,
https://github.com/path/android-priority-jobqueue,android-priority-jobqueue,180,2414,416,176,7,3,3,,
https://github.com/pbreault/adb-idea,adb-idea,57,1527,148,113,1,19,3,,
https://github.com/pchmn/MaterialChipsInput,MaterialChipsInput,40,2073,258,23,2,7,2,,
https://github.com/pedant/sweet-alert-dialog,sweet-alert-dialog,256,5526,1605,58,1,2,3,,
https://github.com/pedrovgs/Algorithms,Algorithms,199,2276,642,415,1,0,12,,
https://github.com/pedrovgs/AndroidWiFiADB,AndroidWiFiADB,123,3491,385,184,1,8,4,,
https://github.com/pedrovgs/DraggablePanel,DraggablePanel,146,2800,606,385,3,15,7,,
https://github.com/pedrovgs/EffectiveAndroidUI,EffectiveAndroidUI,367,5432,1206,153,1,0,9,,
https://github.com/pengjianbo/GalleryFinal,GalleryFinal,143,3005,806,115,2,4,,,
https://github.com/permissions-dispatcher/PermissionsDispatcher,PermissionsDispatcher,241,6667,984,531,2,32,21,,
https://github.com/perwendel/spark,spark,440,7131,1323,925,2,18,108,,
https://github.com/PhilJay/MPAndroidChart,MPAndroidChart,970,20539,5766,1,936,5,42,,
https://github.com/phishman3579/java-algorithms-implementation,java-algorithms-implementation,171,1837,796,837,1,0,19,,
https://github.com/phonegap/phonegap-plugin-push,phonegap-plugin-push,116,1632,1036,864,13,56,123,,
https://github.com/Piasy/BigImageViewer,BigImageViewer,49,1984,245,72,1,25,6,,
https://github.com/pilgr/Paper,Paper,59,1601,143,183,7,8,11,,
https://github.com/pili-engineering/PLDroidPlayer,PLDroidPlayer,186,3121,772,89,1,26,7,,
https://github.com/pnikosis/materialish-progress,materialish-progress,85,2266,453,45,1,0,3,,
https://github.com/pockethub/PocketHub,PocketHub,1026,9193,3743,3,261,4,20,,
https://github.com/PomepuyN/BlurEffectForAndroidDesign,BlurEffectForAndroidDesign,106,1970,533,9,1,0,,,
https://github.com/powermock/powermock,powermock,143,1760,351,1,510,3,20,,
https://github.com/pqpo/SmartCropper,SmartCropper,38,1875,263,31,1,6,1,,
https://github.com/prestodb/presto,presto,779,7079,2373,12,482,4,207,,
https://github.com/processing/processing,processing,416,3990,1121,12,809,2,463,,
https://github.com/prolificinteractive/material-calendarview,material-calendarview,179,3913,907,507,5,21,28,,
https://github.com/Prototik/HoloEverywhere,HoloEverywhere,175,2251,697,798,5,14,,,
https://github.com/psaravan/JamsMusicPlayer,JamsMusicPlayer,229,2722,1203,79,1,0,4,,
https://github.com/puniverse/quasar,quasar,256,2970,363,2,458,14,18,,
https://github.com/pushtorefresh/storio,storio,109,2596,173,1,65,12,30,,
https://github.com/pwittchen/ReactiveNetwork,ReactiveNetwork,68,1689,178,427,3,33,8,,
https://github.com/pwnall/chromeview,chromeview,149,1548,431,2,2,0,1,,
https://github.com/pxb1988/dex2jar,dex2jar,333,4136,977,535,2,30,6,,
https://github.com/Qihoo360/RePlugin,RePlugin,392,4218,790,476,2,21,17,,
https://github.com/qii/weiciyuan,weiciyuan,276,2674,1327,3,128,5,0,,
https://github.com/qiujuer/Genius-Android,Genius-Android,157,2123,591,608,5,14,,,
https://github.com/QMUI/QMUI_Android,QMUI_Android,155,4281,709,120,2,7,5,,
https://github.com/qs-lll/ExpandingPager,ExpandingPager,46,1676,251,26,2,0,,,
https://github.com/qstumn/BadgeView,BadgeView,55,2178,290,59,1,5,,,
https://github.com/querydsl/querydsl,querydsl,140,1618,410,7,51,36,249,,
https://github.com/r0adkll/Slidr,Slidr,55,1803,291,93,2,5,5,,
https://github.com/rabbitmq/rabbitmq-tutorials,rabbitmq-tutorials,199,2320,1413,796,1,0,64,,
https://github.com/race604/FlyRefresh,FlyRefresh,110,2862,594,43,1,2,,,
https://github.com/ragunathjawahar/android-saripaar,android-saripaar,118,2672,407,286,4,6,,,
https://github.com/Raizlabs/DBFlow,DBFlow,191,4016,544,2,452,9,31,,
https://github.com/Rajawali/Rajawali,Rajawali,197,1646,604,1,739,13,10,,
https://github.com/rallat/EffectiveAndroid,EffectiveAndroid,101,1749,186,14,3,0,4,,
https://github.com/Ramotion/folding-cell-android,folding-cell-android,133,3511,621,95,3,0,8,,
https://github.com/Ramotion/paper-onboarding-android,paper-onboarding-android,50,1653,267,37,2,0,6,,
https://github.com/raphw/byte-buddy,byte-buddy,119,1878,218,3,911,3,150,,
https://github.com/ratpack/ratpack,ratpack,148,1657,334,5,520,10,53,,
https://github.com/react-community/react-native-image-picker,react-native-image-picker,99,3420,716,504,4,58,72,,
https://github.com/react-native-community/react-native-blur,react-native-blur,42,1762,215,166,3,48,36,,
https://github.com/react-native-community/react-native-camera,react-native-camera,159,4659,1284,615,13,24,146,,
https://github.com/react-native-community/react-native-linear-gradient,react-native-linear-gradient,35,1683,279,222,7,46,46,,
https://github.com/react-native-community/react-native-svg,react-native-svg,84,2134,288,843,1,44,56,,
https://github.com/react-native-community/react-native-video,react-native-video,86,2561,824,392,6,45,90,,
https://github.com/reactive-streams/reactive-streams-jvm,reactive-streams-jvm,220,2204,201,462,8,20,26,,
https://github.com/ReactiveX/RxAndroid,RxAndroid,1067,15084,2488,456,3,15,56,,
https://github.com/ReactiveX/RxJava,RxJava,2098,30744,5413,5,269,3,191,,
https://github.com/real-logic/aeron,aeron,323,3174,366,7,175,3,42,,
https://github.com/realm/realm-java,realm-java,394,9131,1443,7,868,75,139,,
https://github.com/reark/reark,reark,128,2106,247,383,10,3,,,
https://github.com/recruit-lifestyle/WaveSwipeRefreshLayout,WaveSwipeRefreshLayout,73,1695,387,36,2,7,4,,
https://github.com/Red5/red5-server,red5-server,237,1523,594,450,1,47,9,,
https://github.com/redisson/redisson,redisson,502,4411,1258,3,354,3,107,,
https://github.com/redsolution/xabber-android,xabber-android,203,1524,809,2,462,9,57,,
https://github.com/rengwuxian/MaterialEditText,MaterialEditText,191,4958,950,239,1,19,,,
https://github.com/rengwuxian/RxJavaSamples,RxJavaSamples,133,3223,775,24,2,3,6,,
https://github.com/requery/requery,requery,96,2366,187,779,1,41,24,,
https://github.com/rest-assured/rest-assured,rest-assured,238,2767,735,1,654,5,51,,
https://github.com/rey5137/material,material,310,5346,1306,258,3,8,4,,
https://github.com/rmtheis/android-ocr,android-ocr,130,1699,794,114,1,0,1,,
https://github.com/robinhood/ticker,ticker,75,2899,322,50,1,7,4,,
https://github.com/roboguice/roboguice,roboguice,338,3880,917,1,54,26,28,,
https://github.com/robolectric/robolectric,robolectric,219,3793,1093,7,748,381,64,,
https://github.com/RobotiumTech/robotium,robotium,237,2331,720,1,197,1,66,,
https://github.com/robovm/robovm,robovm,159,1627,422,2,823,2,31,,
https://github.com/rockerhieu/emojicon,emojicon,171,3133,829,148,2,5,13,,
https://github.com/romainguy/ViewServer,ViewServer,167,2267,582,26,1,0,8,,
https://github.com/RomainPiel/Shimmer-android,Shimmer-android,87,1796,442,39,2,3,4,,
https://github.com/RomainPiel/Titanic,Titanic,98,1586,509,5,1,0,1,,
https://github.com/romandanylyk/PageIndicatorView,PageIndicatorView,68,2615,329,281,4,11,9,,
https://github.com/romannurik/muzei,muzei,190,3455,855,1,189,2,42,,
https://github.com/ronmamo/reflections,reflections,163,1856,337,131,5,3,25,,
https://github.com/roughike/BottomBar,BottomBar,235,7606,1413,767,8,4,34,,
https://github.com/rovo89/XposedInstaller,XposedInstaller,283,1862,900,1,48,3,38,,
https://github.com/rstudio/rstudio,rstudio,226,2076,544,22,88,1,30,53,rstudio
https://github.com/rubensousa/PreviewSeekBar,PreviewSeekBar,60,2469,285,154,2,5,,,
https://github.com/rubensousa/RecyclerViewSnap,RecyclerViewSnap,78,3107,407,70,2,9,2,,
https://github.com/rubensousa/ViewPagerCards,ViewPagerCards,79,2983,443,20,1,0,1,,
https://github.com/Rukey7/MvpApp,MvpApp,80,1645,541,123,1,0,1,,
https://github.com/ryanhoo/StylishMusicPlayer,StylishMusicPlayer,112,3048,614,79,2,0,3,,
https://github.com/rzwitserloot/lombok,lombok,344,5658,1071,2,129,5,50,,
https://github.com/saiwu-bigkoo/Android-ConvenientBanner,Android-ConvenientBanner,111,3384,918,71,1,0,,,
https://github.com/saulmm/Android-Material-Examples,Android-Material-Examples,187,2898,844,47,5,0,2,,
https://github.com/saulmm/CoordinatorBehaviorExample,CoordinatorBehaviorExample,78,2317,521,31,1,0,4,,
https://github.com/saulmm/Material-Movies,Material-Movies,151,2484,645,205,7,8,,,
https://github.com/Screetsec/TheFatRat,TheFatRat,234,1599,635,564,1,5,5,,
https://github.com/scribejava/scribejava,scribejava,323,4284,1500,810,3,56,89,,
https://github.com/scwang90/SmartRefreshLayout,SmartRefreshLayout,294,9711,1944,702,2,6,3,,
https://github.com/sd6352051/NiftyDialogEffects,NiftyDialogEffects,130,2255,757,96,1,4,6,,
https://github.com/seiginonakama/BlockCanaryEx,BlockCanaryEx,58,1679,166,95,1,0,2,,
https://github.com/SeleniumHQ/selenium,selenium,1066,9405,3648,21,810,14,108,,
https://github.com/sephiroth74/ImageViewZoom,ImageViewZoom,112,1603,518,120,5,1,,,
https://github.com/seven332/EhViewer,EhViewer,163,1617,243,1,754,5,71,,
https://github.com/sfsheng0322/MarqueeView,MarqueeView,70,2135,477,67,1,1,5,,
https://github.com/sfsheng0322/StickyHeaderListView,StickyHeaderListView,89,2271,591,57,1,0,1,,
https://github.com/shardingjdbc/sharding-jdbc,sharding-jdbc,572,3588,1488,2,296,3,27,,
https://github.com/sharish/ShimmerRecyclerView,ShimmerRecyclerView,40,1902,268,38,1,4,6,,
https://github.com/shekhargulati/99-problems,99-problems,265,2525,704,224,1,0,9,,
https://github.com/sherxon/AlgoDS,AlgoDS,145,2655,422,514,1,0,10,,
https://github.com/shuzheng/zheng,zheng,1039,7852,4071,1,213,2,0,,
https://github.com/shwenzhang/AndResGuard,AndResGuard,233,4378,949,343,2,30,15,,
https://github.com/siacs/Conversations,Conversations,272,2731,910,4,582,30,162,,
https://github.com/signalapp/Signal-Android,Signal-Android,624,8782,2359,3,376,124,284,,
https://github.com/SimonVT/android-menudrawer,android-menudrawer,273,2689,1237,211,2,11,8,,
https://github.com/simple-android-framework/android_design_patterns_analysis,android_design_patterns_analysis,210,2014,1344,149,1,0,,,
https://github.com/singwhatiwanna/dynamic-load-apk,dynamic-load-apk,510,5108,1946,158,3,0,,,
https://github.com/siyamed/android-shape-imageview,android-shape-imageview,104,2088,564,55,1,3,3,,
https://github.com/skavanagh/KeyBox,KeyBox,125,1947,236,413,2,65,,,
https://github.com/skyfishjy/android-ripple-background,android-ripple-background,87,1693,456,11,1,0,2,,
https://github.com/Skykai521/ECTranslation,ECTranslation,61,1696,275,25,1,2,2,,
https://github.com/Skykai521/StickerCamera,StickerCamera,158,2623,779,53,1,0,1,,
https://github.com/skylot/jadx,jadx,503,13929,1289,603,1,9,,,
https://github.com/soarcn/BottomSheet,BottomSheet,90,2025,405,176,2,0,7,,
https://github.com/sockeqwe/AdapterDelegates,AdapterDelegates,69,1749,205,105,1,10,9,,
https://github.com/sockeqwe/mosby,mosby,208,4254,647,570,7,14,30,,
https://github.com/socketio/socket.io-client-java,socket.io-client-java,170,2686,548,266,3,23,13,,
https://github.com/sohutv/cachecloud,cachecloud,403,2625,947,394,7,3,,,
https://github.com/SonarSource/sonarqube,sonarqube,205,2391,788,25,777,50,163,,
https://github.com/sparklemotion/nokogiri,nokogiri,147,4690,660,4,156,37,136,,
https://github.com/SpecialCyCi/AndroidResideMenu,AndroidResideMenu,179,2641,1132,73,3,8,5,,
https://github.com/spockframework/spock,spock,143,1813,297,2,365,12,23,,
https://github.com/spotify/helios,helios,97,1901,203,2,334,32,376,,
https://github.com/spring-cloud/spring-cloud-netflix,spring-cloud-netflix,315,1907,1009,2,73,18,54,,
https://github.com/spring-projects/spring-boot,spring-boot,2283,20431,16312,15,322,9,91,,
https://github.com/spring-projects/spring-data-examples,spring-data-examples,256,1727,1469,311,22,0,19,,
https://github.com/spring-projects/spring-framework,spring-framework,2998,19012,12781,16,12,12,120,,
https://github.com/spring-projects/spring-loaded,spring-loaded,198,1945,370,239,9,14,16,,
https://github.com/spring-projects/spring-mvc-showcase,spring-mvc-showcase,524,3488,3103,69,1,0,9,,
https://github.com/spring-projects/spring-petclinic,spring-petclinic,293,1905,3603,576,3,0,39,,
https://github.com/spring-projects/spring-security,spring-security,324,2187,2318,6,702,11,94,,
https://github.com/spring-projects/spring-security-oauth,spring-security-oauth,389,2539,2622,1,205,7,46,,
https://github.com/springside/springside4,springside4,1112,5175,3074,1,66,2,8,,
https://github.com/sqshq/PiggyMetrics,PiggyMetrics,387,2628,1435,198,1,0,5,,
https://github.com/square/android-times-square,android-times-square,256,4084,1173,333,17,26,,,
https://github.com/square/assertj-android,assertj-android,90,1535,171,436,3,14,,,
https://github.com/square/dagger,dagger,454,6640,2244,701,11,11,35,,
https://github.com/square/flow,flow,143,2568,253,346,8,14,21,,
https://github.com/square/javapoet,javapoet,289,4728,601,720,15,31,,,
https://github.com/square/keywhiz,keywhiz,89,1867,148,797,17,15,21,,
https://github.com/square/leakcanary,leakcanary,1020,18407,2983,419,6,10,42,,
https://github.com/square/mortar,mortar,126,2123,177,279,16,17,19,,
https://github.com/square/moshi,moshi,163,3515,255,384,24,8,25,,
https://github.com/square/okhttp,okhttp,1542,24964,5871,3,103,30,51,,
https://github.com/square/okio,okio,250,4659,757,509,12,21,34,,
https://github.com/square/otto,otto,344,5015,903,203,16,13,23,,
https://github.com/square/picasso,picasso,977,14964,3773,1,2,53,20,,
https://github.com/square/retrofit,retrofit,1507,26280,5186,1,529,8,40,,
https://github.com/square/sqlbrite,sqlbrite,244,4515,421,290,4,22,32,,
https://github.com/square/tape,tape,138,2008,266,287,11,7,23,,
https://github.com/square/wire,wire,160,2245,303,1,313,37,37,,
https://github.com/stanfordnlp/CoreNLP,CoreNLP,459,4306,1591,14,537,2,0,,
https://github.com/steelkiwi/cropiwa,cropiwa,43,1770,219,82,1,0,6,,
https://github.com/stephanenicolas/robospice,robospice,233,3048,601,868,7,19,,,
https://github.com/stfalcon-studio/ChatKit,ChatKit,78,1656,344,201,4,0,5,,
https://github.com/stleary/JSON-java,JSON-java,253,2736,2069,306,7,8,23,,
https://github.com/stormzhang/9GAG,9GAG,285,2193,1146,99,1,1,3,,
https://github.com/Sunzxyong/Tiny,Tiny,55,1869,224,36,2,8,2,,
https://github.com/swagger-api/swagger-core,swagger-core,305,4725,1512,2,610,23,67,,
https://github.com/TangoAgency/material-intro-screen,material-intro-screen,48,2217,304,70,5,5,3,,
https://github.com/tangqi92/Android-Tips,Android-Tips,224,3027,873,144,1,0,12,,
https://github.com/Tapadoo/Alerter,Alerter,77,3441,367,161,5,7,16,,
https://github.com/tbruyelle/RxPermissions,RxPermissions,159,5596,676,213,3,16,17,,
https://github.com/TeamAmaze/AmazeFileManager,AmazeFileManager,114,1716,585,2,811,8,22,,
https://github.com/TeamNewPipe/NewPipe,NewPipe,163,2883,436,2,517,7,48,,
https://github.com/Teevity/ice,ice,375,2433,410,249,2,4,41,,
https://github.com/Tencent/angel,angel,334,3055,750,935,10,6,20,,
https://github.com/Tencent/GT,GT,201,2765,625,57,1,4,3,,
https://github.com/Tencent/MSEC,MSEC,318,2403,678,179,1,0,5,,
https://github.com/Tencent/tinker,tinker,669,11172,2348,260,3,20,16,,
https://github.com/Tencent/VasSonic,VasSonic,304,7144,945,332,2,8,12,,
https://github.com/termux/termux-app,termux-app,156,2031,243,409,2,41,12,,
https://github.com/TheAlgorithms/Java,Java,194,1649,876,415,1,0,73,,
https://github.com/theDazzler/droidicon,droidicon,101,2255,259,166,2,8,,,
https://github.com/TheFinestArtist/FinestWebView-Android,FinestWebView-Android,78,1735,394,194,3,17,10,,
https://github.com/thinkaurelius/titan,titan,431,4631,976,4,434,38,23,,
https://github.com/tiann/understand-plugin-framework,understand-plugin-framework,168,1575,535,46,1,0,3,,
https://github.com/Tibolte/ElasticDownload,ElasticDownload,51,1527,271,97,2,3,4,,
https://github.com/timehop/sticky-headers-recyclerview,sticky-headers-recyclerview,112,3157,677,124,1,1,13,,
https://github.com/timmolter/XChange,XChange,234,1937,920,5,749,11,24,,
https://github.com/timusus/Shuttle,Shuttle,71,1543,266,814,9,53,18,,
https://github.com/tinkerpop/gremlin,gremlin,158,1680,200,1,227,3,22,,
https://github.com/tjerkw/Android-SlideExpandableListView,Android-SlideExpandableListView,175,1982,819,95,1,1,10,,
https://github.com/Todd-Davies/ProgressWheel,ProgressWheel,154,2405,743,91,1,3,,,
https://github.com/TommyLemon/Android-ZBLibrary,Android-ZBLibrary,139,2078,747,347,1,22,2,,
https://github.com/TooTallNate/Java-WebSocket,Java-WebSocket,280,3638,1290,747,2,18,43,,
https://github.com/torodb/stampede,stampede,85,1656,103,1,683,7,10,,
https://github.com/ToxicBakery/ViewPagerTransforms,ViewPagerTransforms,88,1833,418,70,2,3,,,
https://github.com/traex/RippleEffect,RippleEffect,206,4558,1101,110,2,8,7,,
https://github.com/trello/RxLifecycle,RxLifecycle,188,5182,451,278,2,16,14,,
https://github.com/Trinea/android-auto-scroll-view-pager,android-auto-scroll-view-pager,79,1546,685,65,1,2,6,,
https://github.com/Trinea/android-common,android-common,491,4637,2757,299,2,4,,,
https://github.com/tuesda/CircleRefreshLayout,CircleRefreshLayout,49,1632,374,4,1,0,1,,
https://github.com/tumblr/Backboard,Backboard,71,1599,180,48,6,3,8,,
https://github.com/tvbarthel/BlurDialogFragment,BlurDialogFragment,53,1718,317,165,8,3,,,
https://github.com/twitter/distributedlog,distributedlog,177,2193,282,89,5,2,17,,
https://github.com/twitter/heron,heron,324,3083,563,2,575,176,71,,
https://github.com/twosigma/beakerx,beakerx,121,1560,229,891,264,26,24,,
https://github.com/tyrantgit/ExplosionField,ExplosionField,93,3049,566,15,1,0,3,,
https://github.com/tyzlmjj/PagerBottomTabStrip,PagerBottomTabStrip,57,1733,276,89,3,9,2,,
https://github.com/uber/NullAway,NullAway,51,1668,100,108,4,15,4,,
https://github.com/uber/RIBs,RIBs,93,2167,152,230,10,2,23,,
https://github.com/udacity/Sunshine-Version-2,Sunshine-Version-2,522,3059,5212,89,87,0,5,,
https://github.com/umano/AndroidSlidingUpPanel,AndroidSlidingUpPanel,359,7255,2047,361,2,8,44,,
https://github.com/undertow-io/undertow,undertow,184,1833,553,4,159,7,209,,
https://github.com/vavr-io/vavr,vavr,131,2316,279,4,119,4,22,,
https://github.com/Vedenin/useful-java-links,useful-java-links,444,3484,682,673,1,0,,,
https://github.com/VerbalExpressions/JavaVerbalExpressions,JavaVerbalExpressions,114,1563,180,110,1,7,,,
https://github.com/vespa-engine/vespa,vespa,155,2416,278,14,757,33,73,,
https://github.com/VictorAlbertos/RxCache,RxCache,48,1724,139,229,2,64,14,,
https://github.com/videlalvaro/gifsockets,gifsockets,120,1602,96,20,1,0,,,
https://github.com/vikramkakkar/SublimePicker,SublimePicker,67,1976,366,46,2,0,1,,
https://github.com/vinc3m1/RoundedImageView,RoundedImageView,215,4595,1039,255,2,19,17,,
https://github.com/vipulasri/Timeline-View,Timeline-View,67,1736,337,55,1,5,2,,
https://github.com/voldemort/voldemort,voldemort,143,2020,522,4,262,201,87,,
https://github.com/vondear/RxTools,RxTools,218,4578,1153,401,1,107,1,,
https://github.com/w446108264/XhsEmoticonsKeyboard,XhsEmoticonsKeyboard,75,2250,510,25,2,7,,,
https://github.com/wangdan/AisenWeiBo,AisenWeiBo,126,1724,618,286,4,1,,,
https://github.com/wasabeef/Blurry,Blurry,90,3118,410,92,3,11,4,,
https://github.com/wasabeef/glide-transformations,glide-transformations,152,5573,908,196,4,15,10,,
https://github.com/wasabeef/recyclerview-animators,recyclerview-animators,309,7524,1550,270,3,15,26,,
https://github.com/wasabeef/richeditor-android,richeditor-android,184,3566,747,122,3,4,10,,
https://github.com/watabou/pixel-dungeon,pixel-dungeon,227,1832,691,25,5,0,1,,
https://github.com/wdullaer/MaterialDateTimePicker,MaterialDateTimePicker,108,3195,703,354,7,39,24,,
https://github.com/weibocom/motan,motan,585,4068,1430,373,6,12,24,,
https://github.com/wenmingvs/AndroidProcess,AndroidProcess,87,2111,409,71,1,0,,,
https://github.com/wequick/Small,Small,266,3870,947,815,12,23,18,,
https://github.com/white-cat/ThinkAndroid,ThinkAndroid,253,1848,1112,6,1,0,,,
https://github.com/wildfly/wildfly,wildfly,210,1945,1767,24,543,11,78,,
https://github.com/willowtreeapps/spruce-android,spruce-android,69,2513,254,193,2,2,6,,
https://github.com/wingjay/jianshi,jianshi,73,1667,395,428,14,7,2,,
https://github.com/winterbe/java8-tutorial,java8-tutorial,701,8704,1758,145,1,0,11,,
https://github.com/wireapp/wire-android,wire-android,125,2031,370,2,784,18,36,,
https://github.com/wix/react-native-navigation,react-native-navigation,446,6133,1165,1,688,21,804,,
https://github.com/Wizcorp/phonegap-facebook-plugin,phonegap-facebook-plugin,135,1935,1794,534,8,21,,,
https://github.com/wonderkiln/BlurKit-Android,BlurKit-Android,56,2259,204,51,1,0,7,,
https://github.com/wordpress-mobile/WordPress-Android,WordPress-Android,178,1654,888,26,985,91,270,,
https://github.com/worker8/TourGuide,TourGuide,81,2391,396,181,5,8,14,,
https://github.com/woxingxiao/BubbleSeekBar,BubbleSeekBar,32,1622,277,102,2,12,4,,
https://github.com/WritingMinds/ffmpeg-android-java,ffmpeg-android-java,111,1638,497,158,3,8,5,,
https://github.com/wuhaoyu1990/MagicCamera,MagicCamera,169,2921,1027,36,1,0,1,,
https://github.com/wyouflf/xUtils,xUtils,627,4971,3065,772,1,1,2,,
https://github.com/wyouflf/xUtils3,xUtils3,369,4774,1866,543,1,2,4,,
https://github.com/xcc3641/SeeWeather,SeeWeather,123,3091,689,128,1,2,2,,
https://github.com/xcltapestry/XCL-Charts,XCL-Charts,235,2784,999,173,2,0,2,,
https://github.com/xetorthio/jedis,jedis,667,6198,2614,1,486,5,35,,
https://github.com/xfumihiro/ViewInspector,ViewInspector,80,2130,207,88,2,6,2,,
https://github.com/ximsfei/Android-skin-support,Android-skin-support,64,2502,432,372,4,22,2,,
https://github.com/xinghongfei/LookLook,LookLook,93,2175,753,112,3,0,7,,
https://github.com/xmuSistone/AndroidPileLayout,AndroidPileLayout,26,1540,176,44,1,0,1,,
https://github.com/xmuSistone/CardSlidePanel,CardSlidePanel,79,2014,487,152,1,0,,,
https://github.com/xmuSistone/ViewpagerTransition,ViewpagerTransition,55,2181,382,49,1,1,1,,
https://github.com/XRecyclerView/XRecyclerView,XRecyclerView,143,3857,1076,116,1,0,8,,
https://github.com/XunMengWinter/CircularAnim,CircularAnim,52,1712,281,81,1,10,,,
https://github.com/xuxueli/xxl-job,xxl-job,428,3512,1477,835,7,20,7,,
https://github.com/yadav-rahul/TastyToast,TastyToast,52,1699,293,67,1,7,3,,
https://github.com/yahoo/anthelion,anthelion,342,2903,750,7,1,0,,,
https://github.com/Yalantis/Context-Menu.Android,Context-Menu.Android,187,3239,967,90,3,6,,,
https://github.com/Yalantis/Euclid,Euclid,134,2068,557,7,1,0,4,,
https://github.com/Yalantis/FlipViewPager.Draco,FlipViewPager.Draco,86,1770,355,10,2,0,4,,
https://github.com/Yalantis/GuillotineMenu-Android,GuillotineMenu-Android,131,2500,502,44,1,2,,,
https://github.com/Yalantis/Horizon,Horizon,79,1710,252,26,1,0,3,,
https://github.com/Yalantis/Phoenix,Phoenix,204,3695,959,72,2,1,7,,
https://github.com/Yalantis/Side-Menu.Android,Side-Menu.Android,292,4454,1463,57,3,6,7,,
https://github.com/Yalantis/StarWars.Android,StarWars.Android,79,1700,290,23,1,1,3,,
https://github.com/Yalantis/Taurus,Taurus,79,1564,390,21,2,2,5,,
https://github.com/Yalantis/uCrop,uCrop,233,6642,1219,195,5,2,27,,
https://github.com/yangfuhai/afinal,afinal,451,3101,1660,122,2,0,,,
https://github.com/yangfuhai/ASimpleCache,ASimpleCache,135,2893,1025,21,1,0,3,,
https://github.com/yanzhenjie/AndPermission,AndPermission,104,3325,615,67,3,13,1,,
https://github.com/yanzhenjie/NoHttp,NoHttp,189,3239,838,188,2,15,1,,
https://github.com/yanzhenjie/SwipeRecyclerView,SwipeRecyclerView,78,2814,707,44,2,9,3,,
https://github.com/yarolegovich/DiscreteScrollView,DiscreteScrollView,71,3297,397,84,1,0,4,,
https://github.com/yarolegovich/SlidingRootNav,SlidingRootNav,50,2104,292,18,1,0,3,,
https://github.com/yasserg/crawler4j,crawler4j,288,2633,1501,317,7,3,25,,
https://github.com/ybq/Android-SpinKit,Android-SpinKit,128,4275,730,64,2,6,7,,
https://github.com/yigit/android-priority-jobqueue,android-priority-jobqueue,147,2931,317,376,56,3,16,,
https://github.com/yingLanNull/ShadowImageView,ShadowImageView,29,1590,188,36,1,0,1,,
https://github.com/yipianfengye/android-adDialog,android-adDialog,69,2247,455,20,1,0,,,
https://github.com/yipianfengye/android-zxingLibrary,android-zxingLibrary,90,2761,637,76,2,0,5,,
https://github.com/yixia/VitamioBundle,VitamioBundle,408,4534,2085,130,2,8,5,,
https://github.com/YoKeyword/Fragmentation,Fragmentation,277,5605,1288,542,5,29,14,,
https://github.com/youlookwhat/CloudReader,CloudReader,124,2571,791,351,4,6,1,,
https://github.com/youth5201314/banner,banner,156,5132,1128,148,1,0,2,,
https://github.com/youtube/api-samples,api-samples,238,1845,1580,463,1,0,15,,
https://github.com/yqritc/RecyclerView-FlexibleDivider,RecyclerView-FlexibleDivider,50,1898,336,74,1,15,5,,
https://github.com/yui/yuicompressor,yuicompressor,203,2576,622,511,2,42,,,
https://github.com/yusugomori/DeepLearning,DeepLearning,385,2343,1260,104,2,0,1,,
https://github.com/yusuke/twitter4j,twitter4j,221,2157,1032,2,133,7,40,,
https://github.com/zagum/Android-SwitchIcon,Android-SwitchIcon,38,1845,168,50,1,11,4,,
https://github.com/zaproxy/zaproxy,zaproxy,300,3497,675,5,790,3,151,,
https://github.com/zcweng/ToggleButton,ToggleButton,104,1938,714,50,1,0,9,,
https://github.com/zetbaitsu/Compressor,Compressor,110,3092,479,48,1,0,,,
https://github.com/zhanglei-workspace/shopping-management-system,shopping-management-system,226,1587,1292,62,1,0,1,,
https://github.com/zhihu/Matisse,Matisse,152,6318,896,125,1,8,18,,
https://github.com/zhouchaoyuan/excelPanel,excelPanel,39,1867,257,24,5,0,1,,
https://github.com/ZieIony/Carbon,Carbon,86,1924,298,397,4,25,,,
https://github.com/zjw-swun/AppMethodOrder,AppMethodOrder,55,1807,216,49,1,0,,,
https://github.com/zo0r/react-native-push-notification,react-native-push-notification,72,2484,562,265,1,0,40,,
https://github.com/Zomato/AndroidPhotoFilters,AndroidPhotoFilters,79,1857,302,29,1,0,2,,
https://github.com/zouzg/mybatis-generator-gui,mybatis-generator-gui,215,1786,797,158,2,16,7,,
https://github.com/zxing/zxing,zxing,1535,17375,7196,3,419,2,24,,
https://github.com/zzhoujay/RichText,RichText,76,1968,337,163,2,0,2,,
https://github.com/zzz40500/AndroidSweetSheet,AndroidSweetSheet,72,1843,367,30,1,1,,,
https://github.com/zzz40500/GsonFormat,GsonFormat,112,2498,481,98,2,4,,,